Year,Month,OnOffshoreType,extreme_count,total_count,Frequency
1950,1,Offshore,5676,1454024,0.0039036494583308116
1950,1,Onshore,15610,7011549,0.0022263268786968473
1950,2,Offshore,3173,1313312,0.0024160290928583613
1950,2,Onshore,22313,6333012,0.003523284023463085
1950,3,Offshore,5300,1454024,0.0036450567528458953
1950,3,Onshore,58660,7011549,0.008366196970170214
1950,4,Offshore,20529,1407120,0.014589374040593553
1950,4,Onshore,133987,6785370,0.01974645450432327
1950,5,Offshore,26509,1454024,0.01823147348324374
1950,5,Onshore,155911,7011549,0.022236313259737614
1950,6,Offshore,38918,1407120,0.02765791119449656
1950,6,Onshore,209225,6785370,0.030834722351176132
1950,7,Offshore,29976,1454024,0.02061589079685067
1950,7,Onshore,160761,7011549,0.02292802917015912
1950,8,Offshore,7326,1454024,0.005038431277613024
1950,8,Onshore,43954,7011549,0.006268800232302449
1950,9,Offshore,1667,1407120,0.001184689294445392
1950,9,Onshore,16945,6785370,0.0024972845990712373
1950,10,Offshore,3111,1454024,0.0021395795392648263
1950,10,Onshore,14721,7011549,0.002099536065425771
1950,11,Offshore,5804,1407120,0.00412473705156632
1950,11,Onshore,19910,6785370,0.0029342541379467884
1950,12,Offshore,9357,1454024,0.006435244535165857
1950,12,Onshore,24244,7011549,0.0034577238210843284
1951,1,Offshore,5816,1454024,0.0039999339763305145
1951,1,Onshore,13649,7011549,0.0019466454559470383
1951,2,Offshore,3519,1313312,0.002679485148997344
1951,2,Onshore,19331,6333012,0.00305241802794626
1951,3,Offshore,6113,1454024,0.004204194703801313
1951,3,Onshore,52929,7011549,0.007548831221175235
1951,4,Offshore,19776,1407120,0.014054238444482347
1951,4,Onshore,120263,6785370,0.01772386767412831
1951,5,Offshore,33695,1454024,0.023173620242857063
1951,5,Onshore,191117,7011549,0.027257457660211745
1951,6,Offshore,45562,1407120,0.03237961225766104
1951,6,Onshore,225584,6785370,0.03324564467376134
1951,7,Offshore,29064,1454024,0.01998866593673832
1951,7,Onshore,143618,7011549,0.020483063015034195
1951,8,Offshore,10713,1454024,0.007367828866648694
1951,8,Onshore,52099,7011549,0.007430455096298977
1951,9,Offshore,2091,1407120,0.001486013986013986
1951,9,Onshore,22667,6785370,0.003340569489946753
1951,10,Offshore,1438,1454024,0.0009889795491683769
1951,10,Onshore,22425,7011549,0.0031982946992169634
1951,11,Offshore,3625,1407120,0.002576183978623003
1951,11,Onshore,9540,6785370,0.001405966071120661
1951,12,Offshore,5701,1454024,0.00392084312225933
1951,12,Onshore,14767,7011549,0.0021060966699369852
1952,1,Offshore,5015,1454024,0.0034490489840607857
1952,1,Onshore,17814,7011549,0.0025406654078863316
1952,2,Offshore,3415,1360216,0.002510630664541514
1952,2,Onshore,19722,6559191,0.003006773243834491
1952,3,Offshore,5272,1454024,0.0036257998492459547
1952,3,Onshore,48522,7011549,0.006920296784633467
1952,4,Offshore,15513,1407120,0.011024646085621695
1952,4,Onshore,121156,6785370,0.017855474351435516
1952,5,Offshore,34477,1454024,0.023711438050541118
1952,5,Onshore,178394,7011549,0.025442880025512194
1952,6,Offshore,38988,1407120,0.027707658195463072
1952,6,Onshore,204788,6785370,0.03018081548979643
1952,7,Offshore,28789,1454024,0.019799535633524618
1952,7,Onshore,134843,7011549,0.01923155639360147
1952,8,Offshore,7204,1454024,0.004954526197641855
1952,8,Onshore,40796,7011549,0.005818400470423868
1952,9,Offshore,1055,1407120,0.0007497583717095913
1952,9,Onshore,16924,6785370,0.00249418970520399
1952,10,Offshore,2585,1454024,0.0017778248502088
1952,10,Onshore,8007,7011549,0.0011419730504628864
1952,11,Offshore,4347,1407120,0.0030892887600204675
1952,11,Onshore,9756,6785370,0.0014377992651837704
1952,12,Offshore,4939,1454024,0.00339678024571809
1952,12,Onshore,8666,7011549,0.001235960841177891
1953,1,Offshore,7055,1454024,0.004852051960627885
1953,1,Onshore,26707,7011549,0.003809001406108693
1953,2,Offshore,3307,1313312,0.002518061207085597
1953,2,Onshore,28873,6333012,0.004559126052500769
1953,3,Offshore,5358,1454024,0.003684946053160058
1953,3,Onshore,67383,7011549,0.009610287256068524
1953,4,Offshore,20262,1407120,0.014399624765478423
1953,4,Onshore,127279,6785370,0.0187578569775856
1953,5,Offshore,28994,1454024,0.019940523677738468
1953,5,Onshore,209353,7011549,0.029858309483396607
1953,6,Offshore,40004,1407120,0.02842970038091989
1953,6,Onshore,200874,6785370,0.029603986223301015
1953,7,Offshore,35516,1454024,0.024426006723410342
1953,7,Onshore,131175,7011549,0.01870841949475073
1953,8,Offshore,11602,1454024,0.007979235555946807
1953,8,Onshore,45134,7011549,0.006437094000198815
1953,9,Offshore,1780,1407120,0.0012649951674341918
1953,9,Onshore,13858,6785370,0.0020423352005859664
1953,10,Offshore,2204,1454024,0.0015157934119381798
1953,10,Onshore,21508,7011549,0.0030675104745042786
1953,11,Offshore,4512,1407120,0.0032065495480129626
1953,11,Onshore,10532,6785370,0.0015521629623734593
1953,12,Offshore,7089,1454024,0.00487543534357067
1953,12,Onshore,19624,7011549,0.0027988109332188938
1954,1,Offshore,4930,1454024,0.0033905905267038235
1954,1,Onshore,15402,7011549,0.0021966615365591824
1954,2,Offshore,3071,1313312,0.0023383628566555396
1954,2,Onshore,28995,6333012,0.004578390187796897
1954,3,Offshore,6346,1454024,0.004364439651615104
1954,3,Onshore,47306,7011549,0.0067468686305978895
1954,4,Offshore,16741,1407120,0.011897350616862812
1954,4,Onshore,114216,6785370,0.01683268561625969
1954,5,Offshore,33640,1454024,0.023135794182214325
1954,5,Onshore,156254,7011549,0.02228523254989732
1954,6,Offshore,42867,1407120,0.030464352720450283
1954,6,Onshore,201393,6785370,0.02968047431459154
1954,7,Offshore,27245,1454024,0.018737654949299323
1954,7,Onshore,132192,7011549,0.018853465903183448
1954,8,Offshore,7342,1454024,0.005049435222527276
1954,8,Onshore,48651,7011549,0.006938695001632307
1954,9,Offshore,1269,1407120,0.0009018420603786458
1954,9,Onshore,18969,6785370,0.0027955734175144466
1954,10,Offshore,3232,1454024,0.0022227968726788554
1954,10,Onshore,18210,7011549,0.0025971436554176543
1954,11,Offshore,4987,1407120,0.0035441184831428735
1954,11,Onshore,16988,6785370,0.002503621762704171
1954,12,Offshore,7221,1454024,0.004966217889113247
1954,12,Onshore,8755,7011549,0.0012486541846887186
1955,1,Offshore,4656,1454024,0.003202147970047262
1955,1,Onshore,21064,7011549,0.0030041863787873407
1955,2,Offshore,3965,1313312,0.0030190845739626227
1955,2,Onshore,20213,6333012,0.0031916882519723634
1955,3,Offshore,5534,1454024,0.0038059894472168274
1955,3,Onshore,50077,7011549,0.00714207374147995
1955,4,Offshore,17355,1407120,0.01233370288248337
1955,4,Onshore,105368,6785370,0.015528703666859728
1955,5,Offshore,29307,1454024,0.020155788350123518
1955,5,Onshore,186329,7011549,0.02657458430369666
1955,6,Offshore,46766,1407120,0.03323526067428507
1955,6,Onshore,198455,6785370,0.029247483924973876
1955,7,Offshore,29354,1454024,0.020188112438309133
1955,7,Onshore,122703,7011549,0.0175001272899897
1955,8,Offshore,10888,1454024,0.007488184514148322
1955,8,Onshore,40376,7011549,0.005758499298799738
1955,9,Offshore,2762,1407120,0.0019628745238501337
1955,9,Onshore,22967,6785370,0.0033847822594788492
1955,10,Offshore,1763,1454024,0.0012124971802391158
1955,10,Onshore,16096,7011549,0.002295641091576198
1955,11,Offshore,5646,1407120,0.004012450963670476
1955,11,Onshore,11330,6785370,0.0016697689293288353
1955,12,Offshore,5754,1454024,0.003957293689787789
1955,12,Onshore,8477,7011549,0.0012090053139470322
1956,1,Offshore,6222,1454024,0.004279159078529653
1956,1,Onshore,13429,7011549,0.00191526865176297
1956,2,Offshore,3599,1360216,0.00264590329771154
1956,2,Onshore,14214,6559191,0.002167035538376608
1956,3,Offshore,5729,1454024,0.003940100025859271
1956,3,Onshore,48884,7011549,0.006971925889699979
1956,4,Offshore,15306,1407120,0.010877537097049292
1956,4,Onshore,94290,6785370,0.013896073463937855
1956,5,Offshore,23546,1454024,0.016193680434435746
1956,5,Onshore,133828,7011549,0.019086795228843156
1956,6,Offshore,41639,1407120,0.029591648189209164
1956,6,Onshore,188228,6785370,0.027740270611624717
1956,7,Offshore,31997,1454024,0.022005826588832097
1956,7,Onshore,123949,7011549,0.01767783409914129
1956,8,Offshore,10949,1454024,0.007530137054133907
1956,8,Onshore,45917,7011549,0.006548766898726658
1956,9,Offshore,1853,1407120,0.0013168741827278413
1956,9,Onshore,12331,6785370,0.0018172922036675965
1956,10,Offshore,2047,1454024,0.0014078172024670846
1956,10,Onshore,16710,7011549,0.0023832108996171887
1956,11,Offshore,4280,1407120,0.0030416737733810905
1956,11,Onshore,12187,6785370,0.0017960700742921903
1956,12,Offshore,6325,1454024,0.004349996973915148
1956,12,Onshore,22194,7011549,0.0031653490548236916
1957,1,Offshore,4055,1454024,0.00278881228920568
1957,1,Onshore,17332,7011549,0.002471921682355782
1957,2,Offshore,4047,1313312,0.003081522136400185
1957,2,Onshore,16448,6333012,0.0025971844045139976
1957,3,Offshore,5369,1454024,0.003692511265288606
1957,3,Onshore,35212,7011549,0.005022000131497334
1957,4,Offshore,16299,1407120,0.0115832338393314
1957,4,Onshore,105744,6785370,0.01558411700467329
1957,5,Offshore,34483,1454024,0.023715564529883965
1957,5,Onshore,195689,7011549,0.027909524699891563
1957,6,Offshore,32505,1407120,0.023100375234521575
1957,6,Onshore,188063,6785370,0.027715953588382063
1957,7,Offshore,26846,1454024,0.018463244073000172
1957,7,Onshore,135705,7011549,0.01935449641726814
1957,8,Offshore,10275,1454024,0.007066595874621052
1957,8,Onshore,35862,7011549,0.005114704325677536
1957,9,Offshore,1458,1407120,0.0010361589629882314
1957,9,Onshore,18190,6785370,0.0026807675926294365
1957,10,Offshore,2792,1454024,0.001920188387536932
1957,10,Onshore,23877,7011549,0.0034053816068318143
1957,11,Offshore,6647,1407120,0.004723833077491614
1957,11,Onshore,13909,6785370,0.002049851371406423
1957,12,Offshore,7095,1454024,0.004879561822913514
1957,12,Onshore,24705,7011549,0.0035234724880336714
1958,1,Offshore,5784,1454024,0.003977926086502011
1958,1,Onshore,23827,7011549,0.0033982505149717985
1958,2,Offshore,3877,1313312,0.0029520784093954827
1958,2,Onshore,19295,6333012,0.0030467335290064192
1958,3,Offshore,6987,1454024,0.0048052851947423154
1958,3,Onshore,53352,7011549,0.007609160258310967
1958,4,Offshore,25270,1407120,0.01795866734891125
1958,4,Onshore,103971,6785370,0.015322819536738601
1958,5,Offshore,38133,1454024,0.026225839463447646
1958,5,Onshore,163440,7011549,0.023310113072018752
1958,6,Offshore,39091,1407120,0.027780857354028087
1958,6,Onshore,186099,6785370,0.027426507323845273
1958,7,Offshore,34120,1454024,0.023465912529641877
1958,7,Onshore,152386,7011549,0.021733571283606517
1958,8,Offshore,10022,1454024,0.0068925959956644455
1958,8,Onshore,38784,7011549,0.005531445333976843
1958,9,Offshore,2741,1407120,0.0019479504235601797
1958,9,Onshore,25124,6785370,0.0037026720724146213
1958,10,Offshore,3497,1454024,0.0024050497103211502
1958,10,Onshore,19426,7011549,0.002770571809453232
1958,11,Offshore,5710,1407120,0.004057933935982716
1958,11,Onshore,14137,6785370,0.0020834530762508163
1958,12,Offshore,5587,1454024,0.003842440014745286
1958,12,Onshore,18461,7011549,0.0026329417365549323
1959,1,Offshore,5563,1454024,0.0038259340973739084
1959,1,Onshore,16453,7011549,0.002346557087456709
1959,2,Offshore,2434,1313312,0.0018533295972320363
1959,2,Onshore,16052,6333012,0.002534654916175747
1959,3,Offshore,7187,1454024,0.004942834506170462
1959,3,Onshore,46657,7011549,0.006654307058254888
1959,4,Offshore,21378,1407120,0.015192734095173119
1959,4,Onshore,122686,6785370,0.018080959476049204
1959,5,Offshore,30947,1454024,0.021283692703834324
1959,5,Onshore,148899,7011549,0.021236248937289037
1959,6,Offshore,39219,1407120,0.02787182329865257
1959,6,Onshore,157193,6785370,0.02316645960352936
1959,7,Offshore,30450,1454024,0.02094188266493538
1959,7,Onshore,154841,7011549,0.02208370789393328
1959,8,Offshore,6049,1454024,0.004160178924144306
1959,8,Onshore,46951,7011549,0.006696237878391779
1959,9,Offshore,1680,1407120,0.0011939280231963159
1959,9,Onshore,26475,6785370,0.003901776911207495
1959,10,Offshore,3118,1454024,0.002144393765164812
1959,10,Onshore,23054,7011549,0.003288003834815959
1959,11,Offshore,3756,1407120,0.0026692819375746207
1959,11,Onshore,11208,6785370,0.0016517890697191162
1959,12,Offshore,7081,1454024,0.004869933371113544
1959,12,Onshore,12489,7011549,0.001781204124794678
1960,1,Offshore,6106,1454024,0.004199380477901328
1960,1,Onshore,14405,7011549,0.002054467564870473
1960,2,Offshore,4618,1360216,0.003395049021625977
1960,2,Onshore,19930,6559191,0.003038484471636822
1960,3,Offshore,7353,1454024,0.005057000434655824
1960,3,Onshore,46094,7011549,0.006574010963911113
1960,4,Offshore,13926,1407120,0.009896810506566604
1960,4,Onshore,92276,6785370,0.013599258404479049
1960,5,Offshore,34060,1454024,0.023424647736213434
1960,5,Onshore,176352,7011549,0.025151646233949162
1960,6,Offshore,41256,1407120,0.0293194610267781
1960,6,Onshore,175854,6785370,0.025916641244324187
1960,7,Offshore,27092,1454024,0.01863242972605679
1960,7,Onshore,136601,7011549,0.019482285583399615
1960,8,Offshore,11448,1454024,0.007873322586147135
1960,8,Onshore,47200,7011549,0.006731750715854657
1960,9,Offshore,1981,1407120,0.0014078401273523225
1960,9,Onshore,20793,6785370,0.003064387056269592
1960,10,Offshore,2850,1454024,0.001960077687851095
1960,10,Onshore,12469,7011549,0.0017783516880506718
1960,11,Offshore,2763,1407120,0.0019635851952925125
1960,11,Onshore,8494,6785370,0.0012518108813520854
1960,12,Offshore,4548,1454024,0.0031278713418760626
1960,12,Onshore,14432,7011549,0.0020583183544748813
1961,1,Offshore,6461,1454024,0.004443530505686288
1961,1,Onshore,16364,7011549,0.0023338637439458813
1961,2,Offshore,2755,1313312,0.0020977498111644454
1961,2,Onshore,14090,6333012,0.002224849723954415
1961,3,Offshore,4568,1454024,0.0031416262730188773
1961,3,Onshore,38786,7011549,0.005531730577651244
1961,4,Offshore,17712,1407120,0.012587412587412588
1961,4,Onshore,117063,6785370,0.01725226479911928
1961,5,Offshore,39345,1454024,0.027059388290702216
1961,5,Onshore,178268,7011549,0.025424909674024956
1961,6,Offshore,44656,1407120,0.03173574393086588
1961,6,Onshore,159431,6785370,0.023496286864238797
1961,7,Offshore,29385,1454024,0.020209432581580495
1961,7,Onshore,137825,7011549,0.0196568547121328
1961,8,Offshore,8756,1454024,0.006021908854324276
1961,8,Onshore,50501,7011549,0.007202545400452881
1961,9,Offshore,2293,1407120,0.0016295696173744955
1961,9,Onshore,23870,6785370,0.003517862695770459
1961,10,Offshore,1997,1454024,0.0013734298746100478
1961,10,Onshore,13353,7011549,0.0019044293921357464
1961,11,Offshore,4206,1407120,0.002989084086645062
1961,11,Onshore,14774,6785370,0.0021773315235573006
1961,12,Offshore,6079,1454024,0.004180811320858528
1961,12,Onshore,12935,7011549,0.0018448134641860165
1962,1,Offshore,6688,1454024,0.004599648974157235
1962,1,Onshore,19972,7011549,0.0028484433325646017
1962,2,Offshore,3042,1313312,0.002316281279695914
1962,2,Onshore,12083,6333012,0.0019079389080582825
1962,3,Offshore,5976,1454024,0.004109973425473032
1962,3,Onshore,44152,7011549,0.00629703935606811
1962,4,Offshore,22922,1407120,0.016290010802205924
1962,4,Onshore,116307,6785370,0.0171408486198984
1962,5,Offshore,34344,1454024,0.023619967758441402
1962,5,Onshore,173453,7011549,0.02473818552790546
1962,6,Offshore,36034,1407120,0.025608334754676217
1962,6,Onshore,178251,6785370,0.026269901272885636
1962,7,Offshore,32347,1454024,0.022246537883831352
1962,7,Onshore,147629,7011549,0.021055119204044643
1962,8,Offshore,11113,1454024,0.007642927489504988
1962,8,Onshore,38246,7011549,0.005454714785563076
1962,9,Offshore,3264,1407120,0.002319631587924271
1962,9,Onshore,22429,6785370,0.0033054940261179567
1962,10,Offshore,2858,1454024,0.0019655796603082207
1962,10,Onshore,11427,7011549,0.0016297397336879483
1962,11,Offshore,4926,1407120,0.003500767525157769
1962,11,Onshore,10946,6785370,0.0016131765843277522
1962,12,Offshore,4318,1454024,0.0029696896337336937
1962,12,Onshore,16411,7011549,0.002340566970294296
1963,1,Offshore,6887,1454024,0.0047365105390282415
1963,1,Onshore,23603,7011549,0.003366303223438929
1963,2,Offshore,4426,1313312,0.0033701055042518455
1963,2,Onshore,16268,6333012,0.0025687619098147926
1963,3,Offshore,3456,1454024,0.00237685210147838
1963,3,Onshore,42276,7011549,0.006029480789480328
1963,4,Offshore,21545,1407120,0.015311416226050372
1963,4,Onshore,126733,6785370,0.018677389737037184
1963,5,Offshore,34640,1454024,0.02382354073935506
1963,5,Onshore,142162,7011549,0.020275405620070543
1963,6,Offshore,43276,1407120,0.030755017340383193
1963,6,Onshore,207215,6785370,0.03053849679531109
1963,7,Offshore,27436,1454024,0.018869014541713205
1963,7,Onshore,135787,7011549,0.019366191407918565
1963,8,Offshore,8503,1454024,0.005847908975367669
1963,8,Onshore,37121,7011549,0.005294265218712727
1963,9,Offshore,2908,1407120,0.0020666325544374327
1963,9,Onshore,17679,6785370,0.0026054585085264325
1963,10,Offshore,3265,1454024,0.0022454925090644997
1963,10,Onshore,21138,7011549,0.003014740394740164
1963,11,Offshore,5616,1407120,0.003991130820399113
1963,11,Onshore,20537,6785370,0.0030266588262688695
1963,12,Offshore,5822,1454024,0.004004060455673359
1963,12,Onshore,20632,7011549,0.0029425737451168068
1964,1,Offshore,5774,1454024,0.003971048620930603
1964,1,Onshore,26843,7011549,0.0038283979759679353
1964,2,Offshore,3117,1360216,0.0022915478129944067
1964,2,Onshore,11570,6559191,0.001763937046504668
1964,3,Offshore,4836,1454024,0.0033259423503325942
1964,3,Onshore,45650,7011549,0.006510686868194175
1964,4,Offshore,21392,1407120,0.015202683495366423
1964,4,Onshore,133240,6785370,0.01963636470818835
1964,5,Offshore,38028,1454024,0.02615362607494787
1964,5,Onshore,182173,7011549,0.02598184794829217
1964,6,Offshore,36204,1407120,0.025729148899880608
1964,6,Onshore,178612,6785370,0.02632310397222259
1964,7,Offshore,25040,1454024,0.017221173790804005
1964,7,Onshore,131318,7011549,0.018728814417470378
1964,8,Offshore,10672,1454024,0.007339631257805923
1964,8,Onshore,44778,7011549,0.006386320626155504
1964,9,Offshore,1987,1407120,0.001412104156006595
1964,9,Onshore,22770,6785370,0.0033557492074861063
1964,10,Offshore,2513,1454024,0.001728307098094667
1964,10,Onshore,16575,7011549,0.002363956951595147
1964,11,Offshore,6480,1407120,0.004605150946614361
1964,11,Onshore,18540,6785370,0.0027323491570835487
1964,12,Offshore,7051,1454024,0.0048493009743993225
1964,12,Onshore,27267,7011549,0.003888869634940867
1965,1,Offshore,5012,1454024,0.0034469857443893636
1965,1,Onshore,17561,7011549,0.002504582083074653
1965,2,Offshore,3369,1313312,0.0025652700957579004
1965,2,Onshore,13352,6333012,0.002108317495687676
1965,3,Offshore,6767,1454024,0.004653980952171353
1965,3,Onshore,44297,7011549,0.0063177195224621546
1965,4,Offshore,19260,1407120,0.013687531980214907
1965,4,Onshore,111292,6785370,0.01640175848922019
1965,5,Offshore,37844,1454024,0.026027080708433972
1965,5,Onshore,145963,7011549,0.020817511223268925
1965,6,Offshore,36862,1407120,0.02619677070896583
1965,6,Onshore,184717,6785370,0.02722283383220075
1965,7,Offshore,34200,1454024,0.023520932254213135
1965,7,Onshore,127372,7011549,0.01816602864787795
1965,8,Offshore,8403,1454024,0.005779134319653596
1965,8,Onshore,40084,7011549,0.0057168537223372465
1965,9,Offshore,1072,1407120,0.0007618397862300301
1965,9,Onshore,22403,6785370,0.0033016622527585085
1965,10,Offshore,2018,1454024,0.0013878725523100031
1965,10,Onshore,18002,7011549,0.00256747831327999
1965,11,Offshore,4658,1407120,0.0033103075786002616
1965,11,Onshore,19254,6785370,0.002837575548569938
1965,12,Offshore,7193,1454024,0.004946960985513307
1965,12,Onshore,15955,7011549,0.002275531412530954
1966,1,Offshore,5811,1454024,0.003996495243544811
1966,1,Onshore,18406,7011549,0.0026250975355089153
1966,2,Offshore,3514,1313312,0.002675677980556029
1966,2,Onshore,22714,6333012,0.0035866030255429803
1966,3,Offshore,7962,1454024,0.005475838087954532
1966,3,Onshore,64028,7011549,0.009131790992261482
1966,4,Offshore,20629,1407120,0.01466044118483143
1966,4,Onshore,106695,6785370,0.015724271484090033
1966,5,Offshore,35721,1454024,0.02456699476762419
1966,5,Onshore,147755,7011549,0.02107308955553188
1966,6,Offshore,44640,1407120,0.03172437318778782
1966,6,Onshore,178616,6785370,0.02632369347581635
1966,7,Offshore,31949,1454024,0.02197281475408934
1966,7,Onshore,134455,7011549,0.01917621912076775
1966,8,Offshore,10844,1454024,0.00745792366563413
1966,8,Onshore,40946,7011549,0.005839793746003914
1966,9,Offshore,1458,1407120,0.0010361589629882314
1966,9,Onshore,18061,6785370,0.002661756101730635
1966,10,Offshore,2543,1454024,0.001748939494808889
1966,10,Onshore,16275,7011549,0.0023211704004350536
1966,11,Offshore,5042,1407120,0.0035832054124737053
1966,11,Onshore,30076,6785370,0.0044324775214910905
1966,12,Offshore,7264,1454024,0.004995790991070299
1966,12,Onshore,26744,7011549,0.0038142784140851043
1967,1,Offshore,9145,1454024,0.006289442265052021
1967,1,Onshore,26531,7011549,0.003783899962761438
1967,2,Offshore,3569,1313312,0.002717556833410492
1967,2,Onshore,28396,6333012,0.004483806441547876
1967,3,Offshore,7223,1454024,0.0049675933822275285
1967,3,Onshore,53565,7011549,0.007639538709634633
1967,4,Offshore,27749,1407120,0.019720421854568196
1967,4,Onshore,106913,6785370,0.015756399429950024
1967,5,Offshore,50942,1454024,0.03503518511386332
1967,5,Onshore,223174,7011549,0.0318294858953421
1967,6,Offshore,42493,1407120,0.030198561601000627
1967,6,Onshore,165394,6785370,0.02437508934663843
1967,7,Offshore,26798,1454024,0.018430232238257415
1967,7,Onshore,113829,7011549,0.016234501106674147
1967,8,Offshore,10778,1454024,0.0074125323928628415
1967,8,Onshore,41097,7011549,0.005861329643421161
1967,9,Offshore,2548,1407120,0.001810790835181079
1967,9,Onshore,20804,6785370,0.0030660081911524353
1967,10,Offshore,5714,1454024,0.00392978382750216
1967,10,Onshore,25464,7011549,0.003631722462468707
1967,11,Offshore,4409,1407120,0.0031333503894479505
1967,11,Onshore,17626,6785370,0.002597647585909096
1967,12,Offshore,5601,1454024,0.0038520684665452566
1967,12,Onshore,14915,7011549,0.0021272047018426315
1968,1,Offshore,6118,1454024,0.004207633436587016
1968,1,Onshore,15760,7011549,0.0022477201542768937
1968,2,Offshore,4018,1360216,0.002953942609115023
1968,2,Onshore,25973,6559191,0.003959787113990125
1968,3,Offshore,8293,1454024,0.005703482198368115
1968,3,Onshore,74415,7011549,0.010613204015261108
1968,4,Offshore,18703,1407120,0.013291687986809938
1968,4,Onshore,123803,6785370,0.018245578354607044
1968,5,Offshore,34045,1454024,0.023414331537856322
1968,5,Onshore,171869,7011549,0.02451227253778017
1968,6,Offshore,36219,1407120,0.025739808971516287
1968,6,Onshore,164011,6785370,0.024171268479095467
1968,7,Offshore,29762,1454024,0.020468713033622552
1968,7,Onshore,146937,7011549,0.020956424892702025
1968,8,Offshore,8195,1454024,0.005636083035768323
1968,8,Onshore,46632,7011549,0.00665074151232488
1968,9,Offshore,1602,1407120,0.0011384956506907727
1968,9,Onshore,20269,6785370,0.0029871620854868635
1968,10,Offshore,2642,1454024,0.0018170264039658217
1968,10,Onshore,17393,7011549,0.002480621614425001
1968,11,Offshore,4236,1407120,0.0030104042299164253
1968,11,Onshore,15161,6785370,0.002234365996253705
1968,12,Offshore,6898,1454024,0.00474407575115679
1968,12,Onshore,13526,7011549,0.0019291029699714
1969,1,Offshore,5295,1454024,0.0036416180200601915
1969,1,Onshore,14127,7011549,0.002014818694128787
1969,2,Offshore,3992,1313312,0.003039643283545723
1969,2,Onshore,18572,6333012,0.0029325698419646134
1969,3,Offshore,6393,1454024,0.004396763739800719
1969,3,Onshore,44905,7011549,0.006404433599479944
1969,4,Offshore,16065,1407120,0.01141693672181477
1969,4,Onshore,138951,6785370,0.020478028464181026
1969,5,Offshore,39746,1454024,0.02733517466011565
1969,5,Onshore,157146,7011549,0.022412451228679995
1969,6,Offshore,39334,1407120,0.027953550514526124
1969,6,Onshore,166085,6785370,0.02447692609246069
1969,7,Offshore,27881,1454024,0.01917506175964083
1969,7,Onshore,128426,7011549,0.018316352064287077
1969,8,Offshore,8692,1454024,0.005977893074667269
1969,8,Onshore,47119,7011549,0.006720198347041431
1969,9,Offshore,2642,1407120,0.0018775939507646826
1969,9,Onshore,23066,6785370,0.003399372473424441
1969,10,Offshore,2166,1454024,0.001489659042766832
1969,10,Onshore,23540,7011549,0.0033573180476953097
1969,11,Offshore,5091,1407120,0.0036180283131502645
1969,11,Onshore,15359,6785370,0.002263546424144888
1969,12,Offshore,6382,1454024,0.00438919852767217
1969,12,Onshore,13340,7011549,0.0019025753082521422
1970,1,Offshore,7028,1454024,0.004833482803585086
1970,1,Onshore,14586,7011549,0.0020802821174037292
1970,2,Offshore,3903,1313312,0.0029718756852903194
1970,2,Onshore,14010,6333012,0.0022122175040881023
1970,3,Offshore,5936,1454024,0.004082463563187403
1970,3,Onshore,45827,7011549,0.00653593093337863
1970,4,Offshore,17276,1407120,0.012277559838535448
1970,4,Onshore,118174,6785370,0.017415999422286478
1970,5,Offshore,33002,1454024,0.022697011878758534
1970,5,Onshore,166126,7011549,0.023693195326738786
1970,6,Offshore,34857,1407120,0.024771874466996417
1970,6,Onshore,175034,6785370,0.025795793007603124
1970,7,Offshore,28758,1454024,0.019778215490253256
1970,7,Onshore,110677,7011549,0.015784957075818767
1970,8,Offshore,9438,1454024,0.006490952006294256
1970,8,Onshore,46209,7011549,0.006590412475189149
1970,9,Offshore,1628,1407120,0.0011569731081926204
1970,9,Onshore,27138,6785370,0.0039994871318734275
1970,10,Offshore,3431,1454024,0.0023596584375498615
1970,10,Onshore,14798,7011549,0.002110517946890195
1970,11,Offshore,4677,1407120,0.003323810336005458
1970,11,Onshore,8763,6785370,0.0012914549980325317
1970,12,Offshore,7633,1454024,0.00524956947065523
1970,12,Onshore,17247,7011549,0.0024597988261937554
1971,1,Offshore,6534,1454024,0.004493736004357562
1971,1,Onshore,17277,7011549,0.002464077481309765
1971,2,Offshore,4116,1313312,0.0031340610608903293
1971,2,Onshore,11384,6333012,0.0017975648869763708
1971,3,Offshore,6021,1454024,0.004140922020544365
1971,3,Onshore,42226,7011549,0.006022349697620312
1971,4,Offshore,19374,1407120,0.013768548524646086
1971,4,Onshore,119122,6785370,0.0175557117740079
1971,5,Offshore,31919,1454024,0.02195218235737512
1971,5,Onshore,160588,7011549,0.022903355592323465
1971,6,Offshore,42042,1407120,0.029878048780487804
1971,6,Onshore,162298,6785370,0.023918813565067195
1971,7,Offshore,30869,1454024,0.021230048472377347
1971,7,Onshore,141217,7011549,0.020140627983916252
1971,8,Offshore,8199,1454024,0.005638834021996886
1971,8,Onshore,39282,7011549,0.005602471008902598
1971,9,Offshore,1804,1407120,0.001282051282051282
1971,9,Onshore,21254,6785370,0.00313232734545058
1971,10,Offshore,3478,1454024,0.0023919825257354764
1971,10,Onshore,14462,7011549,0.002062597009590891
1971,11,Offshore,4458,1407120,0.0031681732901245097
1971,11,Onshore,11284,6785370,0.0016629896380005807
1971,12,Offshore,6289,1454024,0.004325238097858082
1971,12,Onshore,15977,7011549,0.002278669092949361
1972,1,Offshore,4707,1454024,0.0032372230444614393
1972,1,Onshore,25493,7011549,0.003635858495747516
1972,2,Offshore,3059,1360216,0.0022489075264516814
1972,2,Onshore,12756,6559191,0.0019447520281083445
1972,3,Offshore,6724,1454024,0.004624407850214302
1972,3,Onshore,51293,7011549,0.0073155018955155275
1972,4,Offshore,20423,1407120,0.014514042867701405
1972,4,Onshore,113799,6785370,0.016771229866610074
1972,5,Offshore,37078,1454024,0.02550026684566417
1972,5,Onshore,157064,7011549,0.022400756238029573
1972,6,Offshore,50011,1407120,0.035541389504804136
1972,6,Onshore,167189,6785370,0.024639629084338806
1972,7,Offshore,32277,1454024,0.022198395624831502
1972,7,Onshore,152561,7011549,0.021758530105116573
1972,8,Offshore,10153,1454024,0.006982690794649882
1972,8,Onshore,44129,7011549,0.0062937590538125025
1972,9,Offshore,2408,1407120,0.0017112968332480528
1972,9,Onshore,20815,6785370,0.0030676293260352787
1972,10,Offshore,3824,1454024,0.0026299428345061705
1972,10,Onshore,24915,7011549,0.0035534230738457364
1972,11,Offshore,5129,1407120,0.0036450338279606573
1972,11,Onshore,18532,6785370,0.0027311701498960264
1972,12,Offshore,7663,1454024,0.005270201867369452
1972,12,Onshore,14599,7011549,0.002082136201287333
1973,1,Offshore,6695,1454024,0.00460446320005722
1973,1,Onshore,21486,7011549,0.003064372794085872
1973,2,Offshore,4315,1313312,0.0032855863648546574
1973,2,Onshore,29134,6333012,0.004600338669814616
1973,3,Offshore,6711,1454024,0.004615467144971472
1973,3,Onshore,67541,7011549,0.009632821506346173
1973,4,Offshore,25321,1407120,0.017994911592472566
1973,4,Onshore,129571,6785370,0.019095642536810814
1973,5,Offshore,39143,1454024,0.026920463486159788
1973,5,Onshore,169729,7011549,0.024207061806171503
1973,6,Offshore,37105,1407120,0.026369463869463868
1973,6,Onshore,180411,6785370,0.026588233213516728
1973,7,Offshore,31585,1454024,0.021722475007290114
1973,7,Onshore,148043,7011549,0.02111416464464557
1973,8,Offshore,7926,1454024,0.005451079211897465
1973,8,Onshore,45294,7011549,0.006459913494150865
1973,9,Offshore,2010,1407120,0.0014284495991813066
1973,9,Onshore,33870,6785370,0.004991621680173668
1973,10,Offshore,4070,1454024,0.0027991284875627915
1973,10,Onshore,22123,7011549,0.0031552229043824696
1973,11,Offshore,7879,1407120,0.005599380294502246
1973,11,Onshore,21496,6785370,0.0031679923128731372
1973,12,Offshore,7673,1454024,0.005277079332940859
1973,12,Onshore,21038,7011549,0.003000478211020133
1974,1,Offshore,9508,1454024,0.006539094265294108
1974,1,Onshore,57139,7011549,0.008149269155788542
1974,2,Offshore,3548,1313312,0.0027015667259569697
1974,2,Onshore,25371,6333012,0.004006150627852908
1974,3,Offshore,5030,1454024,0.003459365182417897
1974,3,Onshore,47572,7011549,0.006784806039293172
1974,4,Offshore,18967,1407120,0.01347930524759793
1974,4,Onshore,116877,6785370,0.01722485288200938
1974,5,Offshore,31940,1454024,0.021966625035075075
1974,5,Onshore,151617,7011549,0.02162389509079948
1974,6,Offshore,40406,1407120,0.028715390300756153
1974,6,Onshore,165545,6785370,0.02439734310730292
1974,7,Offshore,26874,1454024,0.018482500976600112
1974,7,Onshore,133281,7011549,0.019008781083894585
1974,8,Offshore,9840,1454024,0.006767426122264832
1974,8,Onshore,45249,7011549,0.0064534955114768505
1974,9,Offshore,2248,1407120,0.0015975894024674512
1974,9,Onshore,28765,6785370,0.004239267718635829
1974,10,Offshore,3707,1454024,0.0025494764873207044
1974,10,Onshore,21239,7011549,0.003029145200297395
1974,11,Offshore,5952,1407120,0.004229916425038376
1974,11,Onshore,11515,6785370,0.0016970334705402948
1974,12,Offshore,5646,1454024,0.0038830170616165898
1974,12,Onshore,15804,7011549,0.0022539955151137073
1975,1,Offshore,5928,1454024,0.004076961590730277
1975,1,Onshore,16620,7011549,0.002370374934269161
1975,2,Offshore,3991,1313312,0.00303888184985746
1975,2,Onshore,35853,6333012,0.005661287235836597
1975,3,Offshore,6797,1454024,0.004674613348885575
1975,3,Onshore,50544,7011549,0.007208678139452494
1975,4,Offshore,27822,1407120,0.019772300869861845
1975,4,Onshore,147181,6785370,0.021690932108344864
1975,5,Offshore,35877,1454024,0.02467428323053815
1975,5,Onshore,165259,7011549,0.023569542193886114
1975,6,Offshore,48355,1407120,0.034364517596224914
1975,6,Onshore,219745,6785370,0.03238511680276831
1975,7,Offshore,30348,1454024,0.020871732516107026
1975,7,Onshore,118029,7011549,0.01683351282291545
1975,8,Offshore,11684,1454024,0.008035630773632348
1975,8,Onshore,53363,7011549,0.00761072909852017
1975,9,Offshore,2298,1407120,0.0016331229745863893
1975,9,Onshore,25268,6785370,0.0037238942017900276
1975,10,Offshore,4618,1454024,0.0031760136008759142
1975,10,Onshore,24957,7011549,0.0035594131910081494
1975,11,Offshore,8718,1407120,0.006195633634658025
1975,11,Onshore,17507,6785370,0.0025801098539946976
1975,12,Offshore,8855,1454024,0.006089995763481208
1975,12,Onshore,29841,7011549,0.004255978243894466
1976,1,Offshore,7375,1454024,0.00507213085891292
1976,1,Onshore,33691,7011549,0.0048050723171156615
1976,2,Offshore,5428,1360216,0.003990542678515765
1976,2,Onshore,41441,6559191,0.006318004766136556
1976,3,Offshore,4239,1454024,0.0029153576557195754
1976,3,Onshore,52769,7011549,0.007526011727223185
1976,4,Offshore,18473,1407120,0.013128233555062823
1976,4,Onshore,107580,6785370,0.015854699154209718
1976,5,Offshore,34842,1454024,0.02396246554389749
1976,5,Onshore,158156,7011549,0.02255649928425231
1976,6,Offshore,39745,1407120,0.028245636477343794
1976,6,Onshore,192391,6785370,0.028353796476831773
1976,7,Offshore,30020,1454024,0.020646151645364864
1976,7,Onshore,140466,7011549,0.02003351898417882
1976,8,Offshore,8276,1454024,0.005691790506896723
1976,8,Onshore,48140,7011549,0.006865815242822948
1976,9,Offshore,2289,1407120,0.0016267269316049804
1976,9,Onshore,23676,6785370,0.003489271771473037
1976,10,Offshore,5927,1454024,0.004076273844173136
1976,10,Onshore,25790,7011549,0.003678217181396008
1976,11,Offshore,6835,1407120,0.004857439308658821
1976,11,Onshore,16472,6785370,0.002427575799108965
1976,12,Offshore,8424,1454024,0.005793576997353551
1976,12,Onshore,16626,7011549,0.0023712306652923626
1977,1,Offshore,4812,1454024,0.0033094364329612166
1977,1,Onshore,21648,7011549,0.003087477531712322
1977,2,Offshore,4682,1313312,0.0035650325284471624
1977,2,Onshore,25220,6333012,0.003982307312855242
1977,3,Offshore,6740,1454024,0.004635411795128554
1977,3,Onshore,61199,7011549,0.008728313814821803
1977,4,Offshore,22053,1407120,0.015672437318778782
1977,4,Onshore,132887,6785370,0.01958434101603892
1977,5,Offshore,39376,1454024,0.02708070843397358
1977,5,Onshore,184456,7011549,0.026307453602620476
1977,6,Offshore,47393,1407120,0.033680851668656545
1977,6,Onshore,197998,6785370,0.029180133139386652
1977,7,Offshore,37091,1454024,0.025509207550907
1977,7,Onshore,152929,7011549,0.021811014941206287
1977,8,Offshore,9991,1454024,0.006871275852393083
1977,8,Onshore,46012,7011549,0.006562315973260687
1977,9,Offshore,2542,1407120,0.0018065268065268066
1977,9,Onshore,34921,6785370,0.005146513749434445
1977,10,Offshore,6094,1454024,0.004191127519215639
1977,10,Onshore,25648,7011549,0.003657964880513564
1977,11,Offshore,5011,1407120,0.0035611745977599638
1977,11,Onshore,12939,6785370,0.0019068967499193117
1977,12,Offshore,6134,1454024,0.004218637381501268
1977,12,Onshore,23788,7011549,0.0033926882633209866
1978,1,Offshore,6093,1454024,0.004190439772658498
1978,1,Onshore,23526,7011549,0.0033553213419745052
1978,2,Offshore,3948,1313312,0.0030061402012621524
1978,2,Onshore,23466,6333012,0.0037053458922863243
1978,3,Offshore,5816,1454024,0.0039999339763305145
1978,3,Onshore,44113,7011549,0.006291477104417298
1978,4,Offshore,21937,1407120,0.015589999431462847
1978,4,Onshore,130772,6785370,0.01927264099083764
1978,5,Offshore,34723,1454024,0.02388062370359774
1978,5,Onshore,193680,7011549,0.02762299742895614
1978,6,Offshore,46700,1407120,0.03318835635908807
1978,6,Onshore,213085,6785370,0.03140359331915577
1978,7,Offshore,42196,1454024,0.02902015372511045
1978,7,Onshore,172127,7011549,0.02454906897177785
1978,8,Offshore,11362,1454024,0.00781417638223303
1978,8,Onshore,52104,7011549,0.007431168205484979
1978,9,Offshore,2187,1407120,0.0015542384444823469
1978,9,Onshore,30321,6785370,0.004468584616608969
1978,10,Offshore,3526,1454024,0.0024249943604782317
1978,10,Onshore,20975,7011549,0.002991493035276513
1978,11,Offshore,6974,1407120,0.004956222639149468
1978,11,Onshore,18299,6785370,0.0026968315655594315
1978,12,Offshore,6033,1454024,0.004149174979230054
1978,12,Onshore,14599,7011549,0.002082136201287333
1979,1,Offshore,6306,1454024,0.004336929789329475
1979,1,Onshore,22290,7011549,0.0031790407511949215
1979,2,Offshore,3961,1313312,0.0030160388392095707
1979,2,Onshore,24905,6333012,0.003932567947131633
1979,3,Offshore,7466,1454024,0.005134715795612727
1979,3,Onshore,60475,7011549,0.008625055604688778
1979,4,Offshore,32691,1407120,0.023232560122804027
1979,4,Onshore,130551,6785370,0.019240070917282328
1979,5,Offshore,45520,1454024,0.03130622328104626
1979,5,Onshore,182184,7011549,0.02598341678850137
1979,6,Offshore,55212,1407120,0.039237591676616064
1979,6,Onshore,191301,6785370,0.02819315674753182
1979,7,Offshore,33221,1454024,0.022847628374772357
1979,7,Onshore,131374,7011549,0.018736801240353592
1979,8,Offshore,11194,1454024,0.007698634960633387
1979,8,Onshore,46247,7011549,0.00659583210500276
1979,9,Offshore,3616,1407120,0.002569787935641594
1979,9,Onshore,22388,6785370,0.0032994516142819037
1979,10,Offshore,2483,1454024,0.001707674701380445
1979,10,Onshore,15300,7011549,0.0021821141091647508
1979,11,Offshore,6309,1407120,0.004483626129967593
1979,11,Onshore,20124,6785370,0.002965792580213017
1979,12,Offshore,6669,1454024,0.004586581789571561
1979,12,Onshore,17005,7011549,0.00242528434159128
1980,1,Offshore,5258,1454024,0.0036161713974459846
1980,1,Onshore,14978,7011549,0.0021361898775862508
1980,2,Offshore,5621,1360216,0.004132431907873455
1980,2,Onshore,25785,6559191,0.003931125042707249
1980,3,Offshore,5440,1454024,0.003741341270845598
1980,3,Onshore,38899,7011549,0.005547846845254879
1980,4,Offshore,17257,1407120,0.012264057081130252
1980,4,Onshore,108766,6785370,0.016029486969759938
1980,5,Offshore,38740,1454024,0.02664330162363207
1980,5,Onshore,190686,7011549,0.02719598764837841
1980,6,Offshore,52176,1407120,0.03707999317755415
1980,6,Onshore,185492,6785370,0.027337050153492
1980,7,Offshore,38919,1454024,0.026766408257360264
1980,7,Onshore,186402,7011549,0.02658499569781228
1980,8,Offshore,13838,1454024,0.00951703685771349
1980,8,Onshore,46411,7011549,0.006619222086303611
1980,9,Offshore,1241,1407120,0.0008819432599920405
1980,9,Onshore,18645,6785370,0.0027478236264197827
1980,10,Offshore,2826,1454024,0.001943571770479717
1980,10,Onshore,16149,7011549,0.0023032000489478146
1980,11,Offshore,5017,1407120,0.0035654386264142362
1980,11,Onshore,17808,6785370,0.002624469999425234
1980,12,Offshore,7387,1454024,0.005080383817598609
1980,12,Onshore,12118,7011549,0.0017282914231933628
1981,1,Offshore,7349,1454024,0.005054249448427261
1981,1,Onshore,34046,7011549,0.004855703069321772
1981,2,Offshore,4554,1313312,0.003467569016349504
1981,2,Onshore,21318,6333012,0.0033661707888758144
1981,3,Offshore,9800,1454024,0.0067399162599792025
1981,3,Onshore,64298,7011549,0.009170298888305565
1981,4,Offshore,23351,1407120,0.016594888850986412
1981,4,Onshore,128010,6785370,0.018865588759345474
1981,5,Offshore,34073,1454024,0.023433588441456262
1981,5,Onshore,176517,7011549,0.02517517883708721
1981,6,Offshore,55868,1407120,0.03970379214281653
1981,6,Onshore,220918,6785370,0.03255798873163881
1981,7,Offshore,38516,1454024,0.026489246394832546
1981,7,Onshore,187599,7011549,0.026755714036941054
1981,8,Offshore,11811,1454024,0.00812297458638922
1981,8,Onshore,51669,7011549,0.007369127706302844
1981,9,Offshore,2266,1407120,0.001610381488430269
1981,9,Onshore,20998,6785370,0.0030945991154498575
1981,10,Offshore,2880,1454024,0.0019807100845653167
1981,10,Onshore,19013,7011549,0.002711668990689504
1981,11,Offshore,6498,1407120,0.004617943032577179
1981,11,Onshore,24617,6785370,0.0036279524919053787
1981,12,Offshore,8265,1454024,0.0056842252947681745
1981,12,Onshore,14294,7011549,0.0020386365409412383
1982,1,Offshore,5948,1454024,0.004090716521873092
1982,1,Onshore,13166,7011549,0.0018777591085792883
1982,2,Offshore,3342,1313312,0.0025447113861748008
1982,2,Onshore,23205,6333012,0.0036641332749724775
1982,3,Offshore,7156,1454024,0.0049215143628991
1982,3,Onshore,62383,7011549,0.008897178070066972
1982,4,Offshore,22672,1407120,0.016112342941611235
1982,4,Onshore,146319,6785370,0.02156389408388931
1982,5,Offshore,42773,1454024,0.029416983488580656
1982,5,Onshore,191188,7011549,0.027267583810652966
1982,6,Offshore,48549,1407120,0.034502387856046396
1982,6,Onshore,186215,6785370,0.02744360292806435
1982,7,Offshore,32545,1454024,0.02238271170214522
1982,7,Onshore,139289,7011549,0.01986565308179405
1982,8,Offshore,8680,1454024,0.005969640115981579
1982,8,Onshore,53132,7011549,0.007577783454126899
1982,9,Offshore,2414,1407120,0.0017155608619023254
1982,9,Onshore,33285,6785370,0.00490540677958608
1982,10,Offshore,3145,1454024,0.0021629629222076115
1982,10,Onshore,19916,7011549,0.0028404565096813842
1982,11,Offshore,5791,1407120,0.004115498322815396
1982,11,Onshore,20800,6785370,0.003065418687558674
1982,12,Offshore,4945,1454024,0.0034009067250609345
1982,12,Onshore,13737,7011549,0.0019591961776206654
1983,1,Offshore,6164,1454024,0.004239269778215491
1983,1,Onshore,20180,7011549,0.002878108674702266
1983,2,Offshore,4363,1313312,0.0033221351818912793
1983,2,Onshore,20898,6333012,0.0032998516345776703
1983,3,Offshore,11847,1454024,0.008147733462446287
1983,3,Onshore,92447,7011549,0.013184960983657106
1983,4,Offshore,29976,1407120,0.021303087156745695
1983,4,Onshore,180843,6785370,0.026651899601642947
1983,5,Offshore,41139,1454024,0.028293205614212696
1983,5,Onshore,196500,7011549,0.028025191009861016
1983,6,Offshore,38640,1407120,0.027460344533515264
1983,6,Onshore,163832,6785370,0.02414488819327465
1983,7,Offshore,31325,1454024,0.021543660902433523
1983,7,Onshore,141308,7011549,0.02015360657110148
1983,8,Offshore,8839,1454024,0.006078991818566956
1983,8,Onshore,45960,7011549,0.006554899637726271
1983,9,Offshore,1740,1407120,0.0012365683097390414
1983,9,Onshore,20072,6785370,0.0029581290334941206
1983,10,Offshore,2951,1454024,0.0020295400901223087
1983,10,Onshore,19804,7011549,0.0028244828639149492
1983,11,Offshore,6378,1407120,0.0045326624594917275
1983,11,Onshore,18973,6785370,0.002796162921108208
1983,12,Offshore,7478,1454024,0.005142968754298416
1983,12,Onshore,23319,7011549,0.003325798621674041
1984,1,Offshore,5303,1454024,0.0036471199925173173
1984,1,Onshore,29277,7011549,0.004175539527713491
1984,2,Offshore,4763,1360216,0.003501649737982791
1984,2,Onshore,15615,6559191,0.0023806289525644246
1984,3,Offshore,5458,1454024,0.0037537207088741316
1984,3,Onshore,56155,7011549,0.008008929267983437
1984,4,Offshore,23747,1407120,0.0168763147421684
1984,4,Onshore,131093,6785370,0.019319948654236984
1984,5,Offshore,35913,1454024,0.024699042106595213
1984,5,Onshore,182533,7011549,0.02603319180968428
1984,6,Offshore,47974,1407120,0.03409375177667861
1984,6,Onshore,218136,6785370,0.032147988982177834
1984,7,Offshore,35851,1454024,0.02465640182005249
1984,7,Onshore,157439,7011549,0.02245423942697969
1984,8,Offshore,10620,1454024,0.007303868436834606
1984,8,Onshore,49773,7011549,0.007098716702971055
1984,9,Offshore,2840,1407120,0.002018306896355677
1984,9,Onshore,31302,6785370,0.004613160372978924
1984,10,Offshore,3610,1454024,0.0024827650712780534
1984,10,Onshore,20130,7011549,0.002870977582842251
1984,11,Offshore,5282,1407120,0.0037537665586446075
1984,11,Onshore,20455,6785370,0.0030145740025967634
1984,12,Offshore,7248,1454024,0.004984787046156047
1984,12,Onshore,15964,7011549,0.002276815009065757
1985,1,Offshore,5613,1454024,0.0038603214252309454
1985,1,Onshore,18221,7011549,0.002598712495626858
1985,2,Offshore,3370,1313312,0.0025660315294461634
1985,2,Onshore,14048,6333012,0.0022182178085246008
1985,3,Offshore,5237,1454024,0.003601728719746029
1985,3,Onshore,47217,7011549,0.006734175287087062
1985,4,Offshore,21885,1407120,0.01555304451645915
1985,4,Onshore,125360,6785370,0.018475042628478624
1985,5,Offshore,34018,1454024,0.02339576238081352
1985,5,Onshore,160810,7011549,0.022935017640181934
1985,6,Offshore,44654,1407120,0.031734322587981124
1985,6,Onshore,183935,6785370,0.027107585879620418
1985,7,Offshore,33473,1454024,0.023020940507171822
1985,7,Onshore,145300,7011549,0.02072295294520512
1985,8,Offshore,11945,1454024,0.008215132625046079
1985,8,Onshore,51100,7011549,0.007287975880935867
1985,9,Offshore,1228,1407120,0.0008727045312411166
1985,9,Onshore,22634,6785370,0.0033357060852982224
1985,10,Offshore,6211,1454024,0.004271593866401105
1985,10,Onshore,25703,7011549,0.003665809081559581
1985,11,Offshore,6840,1407120,0.004860992665870715
1985,11,Onshore,24277,6785370,0.0035778446864356698
1985,12,Offshore,6294,1454024,0.004328676830643786
1985,12,Onshore,18718,7011549,0.0026695955487154124
1986,1,Offshore,8202,1454024,0.005640897261668308
1986,1,Onshore,15547,7011549,0.0022173417029532276
1986,2,Offshore,3587,1313312,0.0027312626397992252
1986,2,Onshore,16016,6333012,0.002528970417235906
1986,3,Offshore,5031,1454024,0.0034600529289750374
1986,3,Onshore,47460,7011549,0.006768832393526737
1986,4,Offshore,27152,1407120,0.019296151003468077
1986,4,Onshore,133155,6785370,0.019623837756820924
1986,5,Offshore,44329,1454024,0.030487117131491638
1986,5,Onshore,163502,7011549,0.02331895562592517
1986,6,Offshore,45527,1407120,0.03235473875717778
1986,6,Onshore,167119,6785370,0.024629312771447982
1986,7,Offshore,34083,1454024,0.02344046590702767
1986,7,Onshore,170082,7011549,0.024257407314703213
1986,8,Offshore,16637,1454024,0.011442039471150408
1986,8,Onshore,42649,7011549,0.0060826787347560436
1986,9,Offshore,2497,1407120,0.0017745465916197624
1986,9,Onshore,37364,6785370,0.005506553069324149
1986,10,Offshore,4014,1454024,0.0027606146803629103
1986,10,Onshore,28106,7011549,0.004008529356351927
1986,11,Offshore,5173,1407120,0.0036763033714253225
1986,11,Onshore,24433,6785370,0.0036008353265923596
1986,12,Offshore,5988,1454024,0.004118226384158721
1986,12,Onshore,15515,7011549,0.0022127778041628175
1987,1,Offshore,5901,1454024,0.004058392433687477
1987,1,Onshore,15826,7011549,0.002257133195532114
1987,2,Offshore,3479,1313312,0.002649027801466826
1987,2,Onshore,27386,6333012,0.004324324665735672
1987,3,Offshore,8428,1454024,0.005796327983582115
1987,3,Onshore,74372,7011549,0.010607071276261494
1987,4,Offshore,24212,1407120,0.017206776962874523
1987,4,Onshore,113673,6785370,0.016752660503406593
1987,5,Offshore,33956,1454024,0.023353122094270796
1987,5,Onshore,172380,7011549,0.024585152296589526
1987,6,Offshore,53729,1407120,0.03818366592756837
1987,6,Onshore,207488,6785370,0.030578730415585297
1987,7,Offshore,35508,1454024,0.024420504750953215
1987,7,Onshore,150521,7011549,0.02146758155722794
1987,8,Offshore,11899,1454024,0.008183496283417606
1987,8,Onshore,45721,7011549,0.006520813018635397
1987,9,Offshore,1650,1407120,0.0011726078799249532
1987,9,Onshore,22696,6785370,0.0033448433910015225
1987,10,Offshore,2661,1454024,0.0018300935885514958
1987,10,Onshore,26340,7011549,0.003756659191856179
1987,11,Offshore,5221,1407120,0.003710415600659503
1987,11,Onshore,16932,6785370,0.002495368712391513
1987,12,Offshore,8296,1454024,0.005705545438039537
1987,12,Onshore,22252,7011549,0.0031736211213813097
1988,1,Offshore,5296,1454024,0.0036423057666173323
1988,1,Onshore,12372,7011549,0.0017645173698422416
1988,2,Offshore,3573,1360216,0.002626788686502732
1988,2,Onshore,22438,6559191,0.0034208486991764687
1988,3,Offshore,8884,1454024,0.00610994041363829
1988,3,Onshore,66383,7011549,0.009467665418868213
1988,4,Offshore,21166,1407120,0.015042071749388822
1988,4,Onshore,118500,6785370,0.017464043965178023
1988,5,Offshore,34821,1454024,0.023948022866197533
1988,5,Onshore,178754,7011549,0.025494223886904307
1988,6,Offshore,41306,1407120,0.02935499459889704
1988,6,Onshore,187473,6785370,0.027629001808302273
1988,7,Offshore,32524,1454024,0.022368269024445265
1988,7,Onshore,148209,7011549,0.021137839869620822
1988,8,Offshore,11700,1454024,0.0080466347185466
1988,8,Onshore,52296,7011549,0.007458551598227439
1988,9,Offshore,2564,1407120,0.0018221615782591392
1988,9,Onshore,26643,6785370,0.003926536062145469
1988,10,Offshore,3668,1454024,0.002522654371592216
1988,10,Onshore,13111,7011549,0.0018699149075332713
1988,11,Offshore,8192,1407120,0.005821820455966797
1988,11,Onshore,15368,6785370,0.002264872807230851
1988,12,Offshore,7907,1454024,0.005438012027311792
1988,12,Onshore,24378,7011549,0.0034768351472691697
1989,1,Offshore,6193,1454024,0.004259214428372572
1989,1,Onshore,11017,7011549,0.001571264780435821
1989,2,Offshore,3204,1313312,0.002439633537194513
1989,2,Onshore,23036,6333012,0.003637447710504891
1989,3,Offshore,11162,1454024,0.007676627070804884
1989,3,Onshore,68469,7011549,0.00976517457126806
1989,4,Offshore,28528,1407120,0.02027403490818125
1989,4,Onshore,107999,6785370,0.015916449655656213
1989,5,Offshore,44979,1454024,0.03093415239363312
1989,5,Onshore,187314,7011549,0.026715066813338965
1989,6,Offshore,39175,1407120,0.027840553755187902
1989,6,Onshore,178093,6785370,0.026246615880932064
1989,7,Offshore,39006,1454024,0.02682624220783151
1989,7,Onshore,151185,7011549,0.021562282457128944
1989,8,Offshore,9991,1454024,0.006871275852393083
1989,8,Onshore,46500,7011549,0.006631915429814439
1989,9,Offshore,2067,1407120,0.0014689578713968957
1989,9,Onshore,24785,6785370,0.0036527116428433527
1989,10,Offshore,2828,1454024,0.0019449472635939984
1989,10,Onshore,12325,7011549,0.0017578141434938272
1989,11,Offshore,5926,1407120,0.004211438967536529
1989,11,Onshore,15190,6785370,0.002238639897308474
1989,12,Offshore,7167,1454024,0.004929079575027647
1989,12,Onshore,20930,7011549,0.002985075052602499
1990,1,Offshore,6510,1454024,0.004477230086986184
1990,1,Onshore,24804,7011549,0.003537592049916502
1990,2,Offshore,5319,1313312,0.004050065787870666
1990,2,Onshore,27618,6333012,0.00436095810334798
1990,3,Offshore,9302,1454024,0.006397418474523116
1990,3,Onshore,88631,7011549,0.012640716052900722
1990,4,Offshore,25105,1407120,0.017841406560918757
1990,4,Onshore,139965,6785370,0.02062746762519951
1990,5,Offshore,49718,1454024,0.03419338332792306
1990,5,Onshore,204987,7011549,0.02923562254218005
1990,6,Offshore,50658,1407120,0.036001193928023194
1990,6,Onshore,210519,6785370,0.03102542676375791
1990,7,Offshore,34887,1454024,0.02399341413896882
1990,7,Onshore,151623,7011549,0.02162475082182268
1990,8,Offshore,10045,1454024,0.006908414166478682
1990,8,Onshore,51798,7011549,0.007387525923301684
1990,9,Offshore,2631,1407120,0.001869776564898516
1990,9,Onshore,18673,6785370,0.0027519501515761114
1990,10,Offshore,3166,1454024,0.002177405599907567
1990,10,Onshore,16497,7011549,0.0023528324482935225
1990,11,Offshore,4689,1407120,0.003332338393314003
1990,11,Onshore,10669,6785370,0.0015723534604597832
1990,12,Offshore,8625,1454024,0.005931814055338839
1990,12,Onshore,17219,7011549,0.002455805414752147
1991,1,Offshore,9056,1454024,0.006228232821466496
1991,1,Onshore,30481,7011549,0.004347256219702665
1991,2,Offshore,4389,1313312,0.0033419324577861165
1991,2,Onshore,18253,6333012,0.0028821988652476893
1991,3,Offshore,9382,1454024,0.006452438199094375
1991,3,Onshore,73940,7011549,0.01054545864259096
1991,4,Offshore,18737,1407120,0.013315850815850816
1991,4,Onshore,127721,6785370,0.018822997124696223
1991,5,Offshore,45030,1454024,0.030969227468047294
1991,5,Onshore,209565,7011549,0.029888545312883073
1991,6,Offshore,51005,1407120,0.03624779691852863
1991,6,Onshore,207449,6785370,0.030572982755546124
1991,7,Offshore,32616,1454024,0.022431541707702212
1991,7,Onshore,128387,7011549,0.018310789812636265
1991,8,Offshore,7121,1454024,0.004897443233399174
1991,8,Onshore,50280,7011549,0.007171025974431613
1991,9,Offshore,2891,1407120,0.0020545511399169937
1991,9,Onshore,20519,6785370,0.003024006060096944
1991,10,Offshore,2956,1454024,0.0020329788229080125
1991,10,Onshore,19157,7011549,0.0027322065352463486
1991,11,Offshore,5123,1407120,0.003640769799306385
1991,11,Onshore,14876,6785370,0.002192363865198213
1991,12,Offshore,7183,1454024,0.004940083519941899
1991,12,Onshore,31781,7011549,0.004532664608063068
1992,1,Offshore,7627,1454024,0.005245442991312386
1992,1,Onshore,33050,7011549,0.004713651719470262
1992,2,Offshore,5256,1360216,0.0038640921735959583
1992,2,Onshore,33779,6559191,0.005149872903533378
1992,3,Offshore,5202,1454024,0.0035776575902461034
1992,3,Onshore,63906,7011549,0.009114391128123045
1992,4,Offshore,21694,1407120,0.015417306270964808
1992,4,Onshore,134437,6785370,0.019812773658621417
1992,5,Offshore,35789,1454024,0.024613761533509762
1992,5,Onshore,169497,7011549,0.02417397353994103
1992,6,Offshore,41183,1407120,0.02926758201148445
1992,6,Onshore,208353,6785370,0.030706210567736175
1992,7,Offshore,26743,1454024,0.018392406177614676
1992,7,Onshore,139733,7011549,0.01992897717751099
1992,8,Offshore,12325,1454024,0.008476476316759558
1992,8,Onshore,56367,7011549,0.008039165097469903
1992,9,Offshore,1546,1407120,0.0010986980499175622
1992,9,Onshore,27811,6785370,0.004098671111523763
1992,10,Offshore,4615,1454024,0.0031739503612044917
1992,10,Onshore,17824,7011549,0.0025420916262583345
1992,11,Offshore,7900,1407120,0.0056143043947921994
1992,11,Onshore,18595,6785370,0.0027404548314977667
1992,12,Offshore,9105,1454024,0.006261932402766392
1992,12,Onshore,27112,7011549,0.003866763250174819
1993,1,Offshore,7073,1454024,0.004864431398656418
1993,1,Onshore,28722,7011549,0.0040963844080673184
1993,2,Offshore,5403,1313312,0.0041140262176847546
1993,2,Onshore,33223,6333012,0.005246003007731551
1993,3,Offshore,4417,1454024,0.0030377765428906264
1993,3,Onshore,52191,7011549,0.0074435763053214065
1993,4,Offshore,17403,1407120,0.012367815111717551
1993,4,Onshore,116635,6785370,0.017189187914586825
1993,5,Offshore,39935,1454024,0.02746515875941525
1993,5,Onshore,186983,7011549,0.02666785898522566
1993,6,Offshore,44596,1407120,0.03169310364432316
1993,6,Onshore,186147,6785370,0.027433581366970407
1993,7,Offshore,39013,1454024,0.026831056433731494
1993,7,Onshore,164979,7011549,0.023529608079470028
1993,8,Offshore,14630,1454024,0.010061732130968953
1993,8,Onshore,58522,7011549,0.008346515156636572
1993,9,Offshore,1757,1407120,0.0012486497242594804
1993,9,Onshore,22637,6785370,0.0033361482129935435
1993,10,Offshore,2973,1454024,0.002044670514379405
1993,10,Onshore,23584,7011549,0.0033635934085321233
1993,11,Offshore,6591,1407120,0.004684035476718404
1993,11,Onshore,23865,6785370,0.0035171258162782575
1993,12,Offshore,8129,1454024,0.0055906917629970345
1993,12,Onshore,28986,7011549,0.004134036573088201
1994,1,Offshore,5055,1454024,0.003476558846346415
1994,1,Onshore,15172,7011549,0.002163858514003111
1994,2,Offshore,3567,1313312,0.002716033966033966
1994,2,Onshore,26504,6333012,0.004185054441709569
1994,3,Offshore,6203,1454024,0.004266091893943979
1994,3,Onshore,47498,7011549,0.006774252023340349
1994,4,Offshore,21636,1407120,0.01537608732730684
1994,4,Onshore,111032,6785370,0.016363440755625708
1994,5,Offshore,41714,1454024,0.028688659884568618
1994,5,Onshore,197677,7011549,0.028193056912245783
1994,6,Offshore,41510,1407120,0.029499971573142304
1994,6,Onshore,197603,6785370,0.029121919659502723
1994,7,Offshore,27210,1454024,0.018713583819799397
1994,7,Onshore,147437,7011549,0.02102773581130218
1994,8,Offshore,11851,1454024,0.00815048444867485
1994,8,Onshore,41808,7011549,0.005962733769670582
1994,9,Offshore,1738,1407120,0.001235146966854284
1994,9,Onshore,15733,6785370,0.0023186650101615683
1994,10,Offshore,2730,1454024,0.0018775481009942064
1994,10,Onshore,25899,7011549,0.003693762961650842
1994,11,Offshore,5108,1407120,0.0036301097276707035
1994,11,Onshore,16058,6785370,0.0023665621771546724
1994,12,Offshore,8545,1454024,0.00587679433076758
1994,12,Onshore,18208,7011549,0.0025968584117432537
1995,1,Offshore,6575,1454024,0.004521933613200332
1995,1,Onshore,23708,7011549,0.0033812785163449617
1995,2,Offshore,5272,1313312,0.004014278404522307
1995,2,Onshore,27223,6333012,0.004298586517758059
1995,3,Offshore,8961,1454024,0.006162896898538126
1995,3,Onshore,83511,7011549,0.011910492246435131
1995,4,Offshore,25550,1407120,0.018157655352777306
1995,4,Onshore,126237,6785370,0.018604291291410786
1995,5,Offshore,46688,1454024,0.03210951125978664
1995,5,Onshore,209112,7011549,0.029823937620631333
1995,6,Offshore,47505,1407120,0.033760446870202965
1995,6,Onshore,181480,6785370,0.026745778048949433
1995,7,Offshore,39016,1454024,0.026833119673402916
1995,7,Onshore,142852,7011549,0.02037381468773876
1995,8,Offshore,13078,1454024,0.008994349474286532
1995,8,Onshore,49693,7011549,0.00708730695599503
1995,9,Offshore,2006,1407120,0.0014256069134117916
1995,9,Onshore,29606,6785370,0.00436321084922414
1995,10,Offshore,6984,1454024,0.004803221955070893
1995,10,Onshore,21409,7011549,0.003053390912621448
1995,11,Offshore,5709,1407120,0.004057223264540338
1995,11,Onshore,19762,6785370,0.002912442504977621
1995,12,Offshore,8912,1454024,0.00612919731723823
1995,12,Onshore,30485,7011549,0.004347826707051466
1996,1,Offshore,5974,1454024,0.00410859793235875
1996,1,Onshore,20841,7011549,0.0029723817090916713
1996,2,Offshore,5129,1360216,0.003770724649614473
1996,2,Onshore,18402,6559191,0.002805528913550467
1996,3,Offshore,9954,1454024,0.006845829229778876
1996,3,Onshore,55398,7011549,0.007900964537222803
1996,4,Offshore,25404,1407120,0.018053897322190007
1996,4,Onshore,108314,6785370,0.015962873063664916
1996,5,Offshore,49936,1454024,0.03434331207737974
1996,5,Onshore,198340,7011549,0.028287615190309586
1996,6,Offshore,50094,1407120,0.03560037523452158
1996,6,Onshore,225720,6785370,0.033265687795949225
1996,7,Offshore,33134,1454024,0.02278779442430111
1996,7,Onshore,141761,7011549,0.02021821426335322
1996,8,Offshore,9532,1454024,0.006555600182665486
1996,8,Onshore,55893,7011549,0.007971562346636955
1996,9,Offshore,2773,1407120,0.0019706919097163
1996,9,Onshore,27435,6785370,0.004043257773710203
1996,10,Offshore,4728,1454024,0.003251665722161395
1996,10,Onshore,24372,7011549,0.003475979416245968
1996,11,Offshore,4913,1407120,0.0034915287964068452
1996,11,Onshore,17716,6785370,0.0026109114167687246
1996,12,Offshore,9501,1454024,0.0065342800393941225
1996,12,Onshore,21966,7011549,0.003132831275942021
1997,1,Offshore,7395,1454024,0.005085885790055735
1997,1,Onshore,23926,7011549,0.0034123700768546295
1997,2,Offshore,4999,1313312,0.00380640700762652
1997,2,Onshore,22072,6333012,0.003485229461115817
1997,3,Offshore,7591,1454024,0.005220684115255319
1997,3,Onshore,49340,7011549,0.007036961447463321
1997,4,Offshore,23820,1407120,0.01692819375746205
1997,4,Onshore,132916,6785370,0.01958861491709369
1997,5,Offshore,37652,1454024,0.02589503336946295
1997,5,Onshore,212315,7011549,0.030280755365183928
1997,6,Offshore,42075,1407120,0.029901500938086304
1997,6,Onshore,197334,6785370,0.029082275542822278
1997,7,Offshore,35293,1454024,0.02427263924116796
1997,7,Onshore,178825,7011549,0.025504350037345528
1997,8,Offshore,11235,1454024,0.0077268325694761575
1997,8,Onshore,56698,7011549,0.008086372925583205
1997,9,Offshore,2487,1407120,0.0017674398771959747
1997,9,Onshore,27049,6785370,0.003986370676912239
1997,10,Offshore,5178,1454024,0.003561151672874726
1997,10,Onshore,24820,7011549,0.003539873999311707
1997,11,Offshore,6546,1407120,0.0046520552618113595
1997,11,Onshore,22638,6785370,0.0033362955888919838
1997,12,Offshore,9342,1454024,0.006424928336808746
1997,12,Onshore,29068,7011549,0.004145731563738626
1998,1,Offshore,7767,1454024,0.005341727509312088
1998,1,Onshore,27978,7011549,0.003990273761190288
1998,2,Offshore,4892,1313312,0.0037249336029823834
1998,2,Onshore,32001,6333012,0.005053045849273616
1998,3,Offshore,8073,1454024,0.005552177955797153
1998,3,Onshore,70935,7011549,0.010116880021804027
1998,4,Offshore,27107,1407120,0.019264170788561033
1998,4,Onshore,144258,6785370,0.02126015235720381
1998,5,Offshore,46657,1454024,0.03208819111651527
1998,5,Onshore,186136,7011549,0.026547058289117
1998,6,Offshore,59255,1407120,0.04211083631815339
1998,6,Onshore,266055,6785370,0.03921009465953957
1998,7,Offshore,31907,1454024,0.02194392939868943
1998,7,Onshore,139579,7011549,0.01990701341458214
1998,8,Offshore,11682,1454024,0.008034255280518066
1998,8,Onshore,43079,7011549,0.006144006124752177
1998,9,Offshore,2702,1407120,0.0019202342373074081
1998,9,Onshore,28199,6785370,0.004155852960118608
1998,10,Offshore,3435,1454024,0.0023624094237784245
1998,10,Onshore,26060,7011549,0.0037167250774400922
1998,11,Offshore,7954,1407120,0.005652680652680653
1998,11,Onshore,20867,6785370,0.0030752928727541757
1998,12,Offshore,9735,1454024,0.006695212733765055
1998,12,Onshore,23443,7011549,0.0033434837294868793
1999,1,Offshore,7182,1454024,0.004939395773384758
1999,1,Onshore,14784,7011549,0.002108521241169391
1999,2,Offshore,4769,1313312,0.00363127725932604
1999,2,Onshore,23936,6333012,0.0037795601840009147
1999,3,Offshore,9789,1454024,0.006732351047850654
1999,3,Onshore,59596,7011549,0.008499691009789706
1999,4,Offshore,22093,1407120,0.01570086417647393
1999,4,Onshore,113144,6785370,0.016674698653131665
1999,5,Offshore,35032,1454024,0.024093137389754226
1999,5,Onshore,190328,7011549,0.0271449290306607
1999,6,Offshore,45203,1407120,0.03212448120984707
1999,6,Onshore,178303,6785370,0.02627756481960453
1999,7,Offshore,35620,1454024,0.02449753236535298
1999,7,Onshore,122509,7011549,0.01747245865357284
1999,8,Offshore,10299,1454024,0.00708310179199243
1999,8,Onshore,46929,7011549,0.0066931001979733725
1999,9,Offshore,3032,1407120,0.0021547558132923987
1999,9,Onshore,25497,6785370,0.003757643282532861
1999,10,Offshore,3533,1454024,0.0024298085863782167
1999,10,Onshore,20419,7011549,0.0029121952937931402
1999,11,Offshore,6683,1407120,0.00474941724941725
1999,11,Onshore,22243,6785370,0.0032780821090080572
1999,12,Offshore,9227,1454024,0.006345837482737562
1999,12,Onshore,26915,7011549,0.0038386667482463574
2000,1,Offshore,7481,1454024,0.005145031993969838
2000,1,Onshore,28053,7011549,0.004000970398980311
2000,2,Offshore,5730,1360216,0.004212566239479612
2000,2,Onshore,41572,6559191,0.006337976741338985
2000,3,Offshore,8675,1454024,0.005966201383195876
2000,3,Onshore,57630,7011549,0.008219296477853895
2000,4,Offshore,23924,1407120,0.017002103587469442
2000,4,Onshore,136203,6785370,0.020073039495267023
2000,5,Offshore,41546,1454024,0.028573118462968974
2000,5,Onshore,172954,7011549,0.024667017231142504
2000,6,Offshore,47270,1407120,0.03359343908124396
2000,6,Onshore,194945,6785370,0.02873019452144835
2000,7,Offshore,31826,1454024,0.02188822192756103
2000,7,Onshore,153688,7011549,0.021919264915641324
2000,8,Offshore,14703,1454024,0.010111937629640227
2000,8,Onshore,44941,7011549,0.0064095679856191546
2000,9,Offshore,3048,1407120,0.002166126556370459
2000,9,Onshore,29469,6785370,0.004343020351137815
2000,10,Offshore,4900,1454024,0.0033699581299896013
2000,10,Onshore,37056,7011549,0.005284994799294706
2000,11,Offshore,6510,1407120,0.004626471089885724
2000,11,Onshore,22114,6785370,0.003259070618109256
2000,12,Offshore,9102,1454024,0.006259869163094969
2000,12,Onshore,30122,7011549,0.004296054980147753
2001,1,Offshore,5737,1454024,0.0039456019983163965
2001,1,Onshore,12165,7011549,0.0017349946495417775
2001,2,Offshore,4158,1313312,0.0031660412757973733
2001,2,Onshore,25437,6333012,0.004016572209242617
2001,3,Offshore,8376,1454024,0.005760565162610796
2001,3,Onshore,66607,7011549,0.009499612710401083
2001,4,Offshore,21784,1407120,0.015481266700778895
2001,4,Onshore,104285,6785370,0.015369095568848861
2001,5,Offshore,40510,1454024,0.027860613029771174
2001,5,Onshore,200990,7011549,0.02866556305889041
2001,6,Offshore,53310,1407120,0.037885894593211664
2001,6,Onshore,199025,6785370,0.02933148818708486
2001,7,Offshore,29652,1454024,0.02039306091233707
2001,7,Onshore,132502,7011549,0.018897678672715544
2001,8,Offshore,11592,1454024,0.0079723580903754
2001,8,Onshore,43442,7011549,0.0061957778516558894
2001,9,Offshore,3230,1407120,0.002295468758883393
2001,9,Onshore,31860,6785370,0.0046953961243086225
2001,10,Offshore,6473,1454024,0.0044517834643719775
2001,10,Onshore,26615,7011549,0.0037958801970862646
2001,11,Offshore,7353,1407120,0.005225567115811018
2001,11,Onshore,19370,6785370,0.002854671152789015
2001,12,Offshore,8610,1454024,0.005921497856981728
2001,12,Onshore,24994,7011549,0.003564690198984561
2002,1,Offshore,6961,1454024,0.004787403784256656
2002,1,Onshore,18542,7011549,0.0026444941053681576
2002,2,Offshore,4034,1313312,0.003071623498452767
2002,2,Onshore,29118,6333012,0.004597812225841353
2002,3,Offshore,6178,1454024,0.004248898230015461
2002,3,Onshore,59458,7011549,0.008480009196256062
2002,4,Offshore,23313,1407120,0.01656788333617602
2002,4,Onshore,142429,6785370,0.02099060183895646
2002,5,Offshore,38376,1454024,0.026392961876832845
2002,5,Onshore,164207,7011549,0.02341950402115139
2002,6,Offshore,42678,1407120,0.030330035817840696
2002,6,Onshore,186734,6785370,0.027520091019354875
2002,7,Offshore,32713,1454024,0.02249825312374486
2002,7,Onshore,145553,7011549,0.020759036270016795
2002,8,Offshore,12732,1454024,0.008756389165515837
2002,8,Onshore,41294,7011549,0.005889426145349623
2002,9,Offshore,3795,1407120,0.0026969981238273923
2002,9,Onshore,27978,6785370,0.004123282886563297
2002,10,Offshore,3600,1454024,0.002475887605706646
2002,10,Onshore,20502,7011549,0.002924032906280766
2002,11,Offshore,5902,1407120,0.004194382852919438
2002,11,Onshore,17814,6785370,0.0026253542548158757
2002,12,Offshore,6077,1454024,0.004179435827744246
2002,12,Onshore,17991,7011549,0.0025659094730707864
2003,1,Offshore,6677,1454024,0.004592083762028687
2003,1,Onshore,18547,7011549,0.0026452072145541593
2003,2,Offshore,5377,1313312,0.004094228941789917
2003,2,Onshore,28460,6333012,0.004493912217440927
2003,3,Offshore,7085,1454024,0.004872684357342107
2003,3,Onshore,55961,7011549,0.007981260631566577
2003,4,Offshore,22370,1407120,0.01589772016601285
2003,4,Onshore,131621,6785370,0.019397763128613472
2003,5,Offshore,48622,1454024,0.03343961310129682
2003,5,Onshore,189002,7011549,0.02695581247453309
2003,6,Offshore,53548,1407120,0.03805503439649781
2003,6,Onshore,194407,6785370,0.02865090628808746
2003,7,Offshore,22884,1454024,0.01573839221360858
2003,7,Onshore,129608,7011549,0.018484931075857844
2003,8,Offshore,14731,1454024,0.010131194533240167
2003,8,Onshore,43064,7011549,0.006141866797194172
2003,9,Offshore,2328,1407120,0.001654443117857752
2003,9,Onshore,26587,6785370,0.003918283011832811
2003,10,Offshore,3090,1454024,0.0021251368615648712
2003,10,Onshore,20163,7011549,0.002875684103469861
2003,11,Offshore,4954,1407120,0.0035206663255443744
2003,11,Onshore,13082,6785370,0.0019279715033962777
2003,12,Offshore,8758,1454024,0.0060232843474385565
2003,12,Onshore,21330,7011549,0.0030421237874826233
2004,1,Offshore,6557,1454024,0.004509554175171799
2004,1,Onshore,22344,7011549,0.003186742330403738
2004,2,Offshore,5523,1360216,0.004060384527163333
2004,2,Onshore,21143,6559191,0.003223415814541763
2004,3,Offshore,8020,1454024,0.005515727388268695
2004,3,Onshore,70183,7011549,0.010009628400229393
2004,4,Offshore,23444,1407120,0.016660981295127636
2004,4,Onshore,112883,6785370,0.016636233543638742
2004,5,Offshore,58509,1454024,0.04023936331174726
2004,5,Onshore,215327,7011549,0.03071033233883126
2004,6,Offshore,47103,1407120,0.0334747569503667
2004,6,Onshore,201465,6785370,0.029691085379279242
2004,7,Offshore,28177,1454024,0.019378634740554488
2004,7,Onshore,135741,7011549,0.01935963080340735
2004,8,Offshore,12104,1454024,0.008324484327631457
2004,8,Onshore,54457,7011549,0.00776675738841731
2004,9,Offshore,2797,1407120,0.00198774802433339
2004,9,Onshore,19076,6785370,0.0028113426386475607
2004,10,Offshore,3436,1454024,0.0023630971703355653
2004,10,Onshore,20588,7011549,0.0029362983842799928
2004,11,Offshore,6364,1407120,0.004522713059298425
2004,11,Onshore,20464,6785370,0.0030159003856827264
2004,12,Offshore,7430,1454024,0.0051099569195556605
2004,12,Onshore,15506,7011549,0.0022114942076280147
2005,1,Offshore,6821,1454024,0.004691119266256953
2005,1,Onshore,15790,7011549,0.0022519988093929032
2005,2,Offshore,3777,1313312,0.002875935040569187
2005,2,Onshore,24634,6333012,0.0038897763023344975
2005,3,Offshore,9362,1454024,0.006438683267951561
2005,3,Onshore,54815,7011549,0.007817816006135021
2005,4,Offshore,26786,1407120,0.01903604525555745
2005,4,Onshore,136054,6785370,0.020051080486399416
2005,5,Offshore,39908,1454024,0.02744658960237245
2005,5,Onshore,199241,7011549,0.02841611746562707
2005,6,Offshore,47215,1407120,0.03355435215191313
2005,6,Onshore,205889,6785370,0.030343076353979224
2005,7,Offshore,45576,1454024,0.03134473708824614
2005,7,Onshore,147190,7011549,0.020992508217513705
2005,8,Offshore,13032,1454024,0.008962713132658059
2005,8,Onshore,58773,7011549,0.00838231323777385
2005,9,Offshore,2260,1407120,0.0016061174597759964
2005,9,Onshore,16958,6785370,0.002499200485750961
2005,10,Offshore,3924,1454024,0.002698717490220244
2005,10,Onshore,16031,7011549,0.002286370672158178
2005,11,Offshore,3480,1407120,0.002473136619478083
2005,11,Onshore,8443,6785370,0.0012442947105316291
2005,12,Offshore,7981,1454024,0.005488905272540205
2005,12,Onshore,15324,7011549,0.002185537033257558
2006,1,Offshore,10649,1454024,0.007323813086991687
2006,1,Onshore,31236,7011549,0.004454935706788899
2006,2,Offshore,5259,1313312,0.004004379766574888
2006,2,Onshore,28216,6333012,0.004455383946848672
2006,3,Offshore,6898,1454024,0.00474407575115679
2006,3,Onshore,51392,7011549,0.0073296214573983585
2006,4,Offshore,25607,1407120,0.018198163624992894
2006,4,Onshore,135797,6785370,0.020013204880500252
2006,5,Offshore,44524,1454024,0.030621227710134084
2006,5,Onshore,209040,7011549,0.02981366884835291
2006,6,Offshore,52975,1407120,0.037647819660014785
2006,6,Onshore,193529,6785370,0.028521510249256858
2006,7,Offshore,36107,1454024,0.024832464938680517
2006,7,Onshore,137459,7011549,0.019604655119717485
2006,8,Offshore,11453,1454024,0.007876761318932838
2006,8,Onshore,47894,7011549,0.006830730270871672
2006,9,Offshore,1575,1407120,0.001119307521746546
2006,9,Onshore,23205,6785370,0.0034198577233076457
2006,10,Offshore,3981,1454024,0.002737919043977266
2006,10,Onshore,17920,7011549,0.0025557833226295644
2006,11,Offshore,4198,1407120,0.002983398715106032
2006,11,Onshore,13275,6785370,0.0019564150517952595
2006,12,Offshore,5789,1454024,0.003981364819287714
2006,12,Onshore,18282,7011549,0.002607412427696077
2007,1,Offshore,9510,1454024,0.006540469758408389
2007,1,Onshore,29908,7011549,0.004265533906986887
2007,2,Offshore,3467,1313312,0.0026398905972076702
2007,2,Onshore,20544,6333012,0.0032439540616692342
2007,3,Offshore,11807,1454024,0.008120223600160658
2007,3,Onshore,82051,7011549,0.011702264364122679
2007,4,Offshore,20953,1407120,0.014890698732162146
2007,4,Onshore,137473,6785370,0.02026020688628623
2007,5,Offshore,40119,1454024,0.027591704125929147
2007,5,Onshore,208071,7011549,0.02967546828810581
2007,6,Offshore,62519,1407120,0.044430467906077666
2007,6,Onshore,201877,6785370,0.029751804249436655
2007,7,Offshore,44011,1454024,0.030268413726320886
2007,7,Onshore,145627,7011549,0.02076959028596962
2007,8,Offshore,13627,1454024,0.009371922334156796
2007,8,Onshore,48555,7011549,0.006925003305261077
2007,9,Offshore,3654,1407120,0.002596793450451987
2007,9,Onshore,25696,6785370,0.003786971086322485
2007,10,Offshore,3457,1454024,0.002377539848035521
2007,10,Onshore,15746,7011549,0.0022457234485560892
2007,11,Offshore,5953,1407120,0.004230627096480755
2007,11,Onshore,13464,6785370,0.00198426909660048
2007,12,Offshore,9202,1454024,0.006328643818809043
2007,12,Onshore,21673,7011549,0.00309104307764233
2008,1,Offshore,6448,1454024,0.004434589800443459
2008,1,Onshore,30049,7011549,0.00428564358603213
2008,2,Offshore,6504,1360216,0.004781593511618743
2008,2,Onshore,18567,6559191,0.0028306844548359696
2008,3,Offshore,7696,1454024,0.005292897503755096
2008,3,Onshore,55834,7011549,0.007963147658242138
2008,4,Offshore,24000,1407120,0.017056114617090227
2008,4,Onshore,116597,6785370,0.01718358763044609
2008,5,Offshore,50227,1454024,0.034543446325507696
2008,5,Onshore,182775,7011549,0.026067706294286754
2008,6,Offshore,51019,1407120,0.03625774631872193
2008,6,Onshore,177183,6785370,0.02611250381335137
2008,7,Offshore,42015,1454024,0.028895671598267978
2008,7,Onshore,151260,7011549,0.021572979094918968
2008,8,Offshore,12776,1454024,0.00878665001403003
2008,8,Onshore,53442,7011549,0.007621996223658995
2008,9,Offshore,4220,1407120,0.002999033486838365
2008,9,Onshore,29519,6785370,0.004350389146059831
2008,10,Offshore,2256,1454024,0.001551556232909498
2008,10,Onshore,16898,7011549,0.002410023805010847
2008,11,Offshore,5525,1407120,0.003926459719142646
2008,11,Onshore,21837,6785370,0.003218247494241287
2008,12,Offshore,7368,1454024,0.005067316633012935
2008,12,Onshore,19019,7011549,0.0027125247217127057
2009,1,Offshore,6690,1454024,0.004601024467271517
2009,1,Onshore,22463,7011549,0.0032037143290305752
2009,2,Offshore,4520,1313312,0.003441680270948564
2009,2,Onshore,18127,6333012,0.002862303118958246
2009,3,Offshore,8289,1454024,0.005700731212139552
2009,3,Onshore,57564,7011549,0.008209883436598675
2009,4,Offshore,19066,1407120,0.013549661720393428
2009,4,Onshore,112745,6785370,0.016615895669653977
2009,5,Offshore,39912,1454024,0.027449340588601014
2009,5,Onshore,172968,7011549,0.02466901393686331
2009,6,Offshore,48057,1407120,0.034152737506396046
2009,6,Onshore,210713,6785370,0.03105401768805533
2009,7,Offshore,33618,1454024,0.023120663757957228
2009,7,Onshore,122112,7011549,0.017415837784204316
2009,8,Offshore,9327,1454024,0.006414612138451635
2009,8,Onshore,40944,7011549,0.005839508502329514
2009,9,Offshore,2162,1407120,0.001536471658422878
2009,9,Onshore,20937,6785370,0.003085609185644998
2009,10,Offshore,3201,1454024,0.0022014767294074927
2009,10,Onshore,22648,7011549,0.0032300993689126324
2009,11,Offshore,6434,1407120,0.004572460060264938
2009,11,Onshore,25128,6785370,0.0037032615760083827
2009,12,Offshore,6894,1454024,0.0047413247649282265
2009,12,Onshore,20142,7011549,0.0028726890448886543
2010,1,Offshore,5591,1454024,0.003845191000973849
2010,1,Onshore,22714,7011549,0.003239512410167853
2010,2,Offshore,5490,1313312,0.004180270948563631
2010,2,Onshore,34826,6333012,0.005499121113302801
2010,3,Offshore,9044,1454024,0.006219979862780807
2010,3,Onshore,68798,7011549,0.009812097155706963
2010,4,Offshore,22577,1407120,0.01604482915458525
2010,4,Onshore,106735,6785370,0.015730166520027646
2010,5,Offshore,55182,1454024,0.037951230516140036
2010,5,Onshore,233032,7011549,0.03323545196646276
2010,6,Offshore,53590,1407120,0.03808488259707772
2010,6,Onshore,203911,6785370,0.03005156682686427
2010,7,Offshore,32464,1454024,0.02232700423101682
2010,7,Onshore,143227,7011549,0.020427297876688875
2010,8,Offshore,18544,1454024,0.012753572155617789
2010,8,Onshore,54034,7011549,0.007706428351281578
2010,9,Offshore,4529,1407120,0.0032186309625334016
2010,9,Onshore,46710,6785370,0.006883928216147387
2010,10,Offshore,5509,1454024,0.003788795783288309
2010,10,Onshore,21326,7011549,0.003041553300133822
2010,11,Offshore,9273,1407120,0.0065900562851782364
2010,11,Onshore,20612,6785370,0.0030377120186518935
2010,12,Offshore,9319,1454024,0.006409110165994509
2010,12,Onshore,31958,7011549,0.004557908673247523
2011,1,Offshore,9826,1454024,0.006757797670464862
2011,1,Onshore,23619,7011549,0.003368585172834134
2011,2,Offshore,5758,1313312,0.004384335177018104
2011,2,Onshore,35756,6333012,0.005645970669248692
2011,3,Offshore,11566,1454024,0.00795447667988974
2011,3,Onshore,75241,7011549,0.010731009652788564
2011,4,Offshore,22311,1407120,0.0158557905509125
2011,4,Onshore,124181,6785370,0.018301286444217486
2011,5,Offshore,38128,1454024,0.026222400730661944
2011,5,Onshore,171409,7011549,0.024446666492668027
2011,6,Offshore,53590,1407120,0.03808488259707772
2011,6,Onshore,189740,6785370,0.027963102970066482
2011,7,Offshore,34377,1454024,0.023642663394827044
2011,7,Onshore,140199,7011549,0.019995438953646333
2011,8,Offshore,16384,1454024,0.011268039592193801
2011,8,Onshore,40392,7011549,0.0057607812481949424
2011,9,Offshore,2059,1407120,0.0014632724998578657
2011,9,Onshore,13388,6785370,0.001973068528319016
2011,10,Offshore,6303,1454024,0.004334866549658052
2011,10,Onshore,23802,7011549,0.003394684969041791
2011,11,Offshore,4893,1407120,0.00347731536755927
2011,11,Onshore,20830,6785370,0.0030698399645118835
2011,12,Offshore,10002,1454024,0.006878841064521631
2011,12,Onshore,17829,7011549,0.002542804735444336
2012,1,Offshore,7643,1454024,0.005256446936226638
2012,1,Onshore,23710,7011549,0.0033815637600193623
2012,2,Offshore,5223,1360216,0.003839831320907856
2012,2,Onshore,22558,6559191,0.0034391436382931982
2012,3,Offshore,11843,1454024,0.008144982476217724
2012,3,Onshore,68961,7011549,0.009835344515170614
2012,4,Offshore,28848,1407120,0.020501449769742452
2012,4,Onshore,146913,6785370,0.02165143536756286
2012,5,Offshore,45298,1454024,0.031153543545361012
2012,5,Onshore,184314,7011549,0.026287201301738033
2012,6,Offshore,61764,1407120,0.0438939109670817
2012,6,Onshore,217259,6785370,0.03201874031924567
2012,7,Offshore,43582,1454024,0.029973370453307512
2012,7,Onshore,119981,7011549,0.017111910649130455
2012,8,Offshore,16161,1454024,0.011114672109951417
2012,8,Onshore,42269,7011549,0.006028482436619925
2012,9,Offshore,2322,1407120,0.0016501790892034796
2012,9,Onshore,24462,6785370,0.003605109227647129
2012,10,Offshore,4481,1454024,0.0030817923225476334
2012,10,Onshore,16035,7011549,0.002286941159506979
2012,11,Offshore,4095,1407120,0.00291019955654102
2012,11,Onshore,14715,6785370,0.0021686363455493216
2012,12,Offshore,7818,1454024,0.005376802583726266
2012,12,Onshore,20754,7011549,0.0029599736092552446
2013,1,Offshore,6367,1454024,0.004378882329315059
2013,1,Onshore,17843,7011549,0.0025448014411651406
2013,2,Offshore,5389,1313312,0.004103366146049073
2013,2,Onshore,23012,6333012,0.0036336580445449967
2013,3,Offshore,8926,1454024,0.0061388257690382
2013,3,Onshore,51505,7011549,0.007345737725001993
2013,4,Offshore,23625,1407120,0.016789612826198192
2013,4,Onshore,118980,6785370,0.017534784396429377
2013,5,Offshore,48046,1454024,0.033043471084383755
2013,5,Onshore,223201,7011549,0.031833336684946506
2013,6,Offshore,47497,1407120,0.03375476149866394
2013,6,Onshore,207137,6785370,0.030527001475232744
2013,7,Offshore,36292,1454024,0.024959698051751553
2013,7,Onshore,152588,7011549,0.021762380894720983
2013,8,Offshore,11542,1454024,0.007937970762518363
2013,8,Onshore,43948,7011549,0.0062679445012792465
2013,9,Offshore,2911,1407120,0.0020687645687645687
2013,9,Onshore,24890,6785370,0.0036681861121795863
2013,10,Offshore,2660,1454024,0.001829405841994355
2013,10,Onshore,15776,7011549,0.0022500021036720988
2013,11,Offshore,7369,1407120,0.0052369378588890785
2013,11,Onshore,23115,6785370,0.003406593892448017
2013,12,Offshore,7392,1454024,0.005083822550384313
2013,12,Onshore,19708,7011549,0.0028107911675437198
2014,1,Offshore,8454,1454024,0.005814209394067773
2014,1,Onshore,30102,7011549,0.004293202543403747
2014,2,Offshore,4207,1313312,0.003203351526522258
2014,2,Onshore,28347,6333012,0.00447606920687976
2014,3,Offshore,6985,1454024,0.004803909701628034
2014,3,Onshore,35251,7011549,0.005027562383148146
2014,4,Offshore,21721,1407120,0.015436494399909033
2014,4,Onshore,120203,6785370,0.01771502512022189
2014,5,Offshore,55747,1454024,0.038339807320924554
2014,5,Onshore,233703,7011549,0.03333115121922417
2014,6,Offshore,56230,1407120,0.03996105520495764
2014,6,Onshore,197606,6785370,0.029122361787198046
2014,7,Offshore,37336,1454024,0.02567770545740648
2014,7,Onshore,154673,7011549,0.02205974742528363
2014,8,Offshore,10769,1454024,0.007406342673848575
2014,8,Onshore,49423,7011549,0.007048799059950947
2014,9,Offshore,3087,1407120,0.0021938427426232304
2014,9,Onshore,30121,6785370,0.004439109436920905
2014,10,Offshore,3770,1454024,0.002592804520420571
2014,10,Onshore,15727,7011549,0.0022430136336492835
2014,11,Offshore,4651,1407120,0.0033053328785036104
2014,11,Onshore,21509,6785370,0.0031699081995528616
2014,12,Offshore,7792,1454024,0.005358921173240607
2014,12,Onshore,19431,7011549,0.002771284918639234
2015,1,Offshore,6710,1454024,0.004614779398414331
2015,1,Onshore,33871,7011549,0.004830744247811718
2015,2,Offshore,2902,1313312,0.0022096805633391
2015,2,Onshore,19474,6333012,0.0030749981209572948
2015,3,Offshore,9062,1454024,0.00623235930080934
2015,3,Onshore,59780,7011549,0.008525933427834562
2015,4,Offshore,23985,1407120,0.017045454545454544
2015,4,Onshore,123611,6785370,0.0182172821821065
2015,5,Offshore,46524,1454024,0.031996720824415556
2015,5,Onshore,184435,7011549,0.02630445854403927
2015,6,Offshore,49529,1407120,0.035198845869577576
2015,6,Onshore,168778,6785370,0.024873809386960474
2015,7,Offshore,54099,1454024,0.03720640099475662
2015,7,Onshore,181448,7011549,0.025878447116321944
2015,8,Offshore,14058,1454024,0.009668341100284451
2015,8,Onshore,46420,7011549,0.006620505682838414
2015,9,Offshore,2311,1407120,0.001642361703337313
2015,9,Onshore,30531,6785370,0.004499533555281436
2015,10,Offshore,3774,1454024,0.002595555506649134
2015,10,Onshore,27789,7011549,0.003963318233959429
2015,11,Offshore,5640,1407120,0.004008186935016204
2015,11,Onshore,19396,6785370,0.0028585029261484637
2015,12,Offshore,6941,1454024,0.004773648853113841
2015,12,Onshore,22622,7011549,0.0032263912011454244
2016,1,Offshore,7791,1454024,0.005358233426683466
2016,1,Onshore,28359,7011549,0.004044612681163606
2016,2,Offshore,4625,1360216,0.0034001952631052715
2016,2,Onshore,15910,6559191,0.0024256040112263844
2016,3,Offshore,5438,1454024,0.003739965777731317
2016,3,Onshore,68513,7011549,0.009771449932104874
2016,4,Offshore,27897,1407120,0.01982560122804025
2016,4,Onshore,131911,6785370,0.019440502139161167
2016,5,Offshore,50653,1454024,0.03483642635884965
2016,5,Onshore,235689,7011549,0.03361439818790399
2016,6,Offshore,49211,1407120,0.03497285235090113
2016,6,Onshore,180124,6785370,0.026545936330664356
2016,7,Offshore,31121,1454024,0.02140336060477681
2016,7,Onshore,143052,7011549,0.02040233905517882
2016,8,Offshore,13156,1454024,0.00904799370574351
2016,8,Onshore,55233,7011549,0.007877431934084751
2016,9,Offshore,2958,1407120,0.0021021661265563703
2016,9,Onshore,30226,6785370,0.004454583906257139
2016,10,Offshore,5752,1454024,0.0039559181966735074
2016,10,Onshore,21403,7011549,0.003052535181598246
2016,11,Offshore,6151,1407120,0.004371340042071749
2016,11,Onshore,11737,6785370,0.001729750919994046
2016,12,Offshore,8682,1454024,0.005971015609095861
2016,12,Onshore,28576,7011549,0.004075561619836073
2017,1,Offshore,6673,1454024,0.0045893327758001244
2017,1,Onshore,26707,7011549,0.003809001406108693
2017,2,Offshore,6007,1313312,0.00457393216539558
2017,2,Onshore,26566,6333012,0.004194844412105962
2017,3,Offshore,11324,1454024,0.007788042013061683
2017,3,Onshore,62562,7011549,0.008922707378925827
2017,4,Offshore,26682,1407120,0.01896213542555006
2017,4,Onshore,131522,6785370,0.01938317291466788
2017,5,Offshore,47144,1454024,0.032423123689842806
2017,5,Onshore,196152,7011549,0.02797555861051531
2017,6,Offshore,51026,1407120,0.036262721018818576
2017,6,Onshore,190243,6785370,0.02803723304698196
2017,7,Offshore,32306,1454024,0.022218340274988584
2017,7,Onshore,131661,7011549,0.018777733707630084
2017,8,Offshore,10707,1454024,0.0073637023873058495
2017,8,Onshore,48319,7011549,0.006891344551681804
2017,9,Offshore,3331,1407120,0.002367246574563648
2017,9,Onshore,28594,6785370,0.004214066440002535
2017,10,Offshore,4240,1454024,0.002916045402276716
2017,10,Onshore,18371,7011549,0.0026201057712069045
2017,11,Offshore,6993,1407120,0.0049697253965546645
2017,11,Onshore,12596,6785370,0.0018563468167542816
2017,12,Offshore,8258,1454024,0.0056794110688681895
2017,12,Onshore,21059,7011549,0.003003473269601339
2018,1,Offshore,9305,1454024,0.006399481714194539
2018,1,Onshore,21546,7011549,0.0030729301043178905
2018,2,Offshore,5474,1313312,0.004168088009551424
2018,2,Onshore,29157,6333012,0.004603970433026181
2018,3,Offshore,10905,1454024,0.007499876205619715
2018,3,Onshore,55129,7011549,0.007862599263015918
2018,4,Offshore,27165,1407120,0.019305389732219
2018,4,Onshore,110510,6785370,0.016286510536639858
2018,5,Offshore,40491,1454024,0.0278475458451855
2018,5,Onshore,153716,7011549,0.02192325832708293
2018,6,Offshore,44333,1407120,0.03150619705497754
2018,6,Onshore,171227,6785370,0.02523473296224082
2018,7,Offshore,28050,1454024,0.019291290927797616
2018,7,Onshore,140546,7011549,0.02004492873115484
2018,8,Offshore,12151,1454024,0.00835680841581707
2018,8,Onshore,44694,7011549,0.006374340391830678
2018,9,Offshore,2598,1407120,0.0018463244073000172
2018,9,Onshore,26429,6785370,0.0038949976198792403
2018,10,Offshore,3855,1454024,0.002651262977777533
2018,10,Onshore,34976,7011549,0.004988341377918061
2018,11,Offshore,7506,1407120,0.0053342998464949685
2018,11,Onshore,21075,6785370,0.0031059470596297625
2018,12,Offshore,9520,1454024,0.006547347223979797
2018,12,Onshore,14489,7011549,0.0020664477991952993
2019,1,Offshore,7343,1454024,0.005050122969084417
2019,1,Onshore,15778,7011549,0.0022502873473464993
2019,2,Offshore,3523,1313312,0.002682530883750396
2019,2,Onshore,19706,6333012,0.003111631558569603
2019,3,Offshore,9431,1454024,0.006486137780394271
2019,3,Onshore,52259,7011549,0.007453274590251027
2019,4,Offshore,31111,1407120,0.022109699243845586
2019,4,Onshore,135754,6785370,0.02000686771686732
2019,5,Offshore,50190,1454024,0.03451799970289349
2019,5,Onshore,214237,7011549,0.030554874536282924
2019,6,Offshore,55271,1407120,0.03927952129171641
2019,6,Onshore,196162,6785370,0.028909550989850222
2019,7,Offshore,42056,1454024,0.02892386920711075
2019,7,Onshore,137727,7011549,0.019642877772087168
2019,8,Offshore,13008,1454024,0.00894620721528668
2019,8,Onshore,46495,7011549,0.006631202320628437
2019,9,Offshore,2347,1407120,0.0016679458752629484
2019,9,Onshore,22053,6785370,0.003250080688304396
2019,10,Offshore,3636,1454024,0.0025006464817637123
2019,10,Onshore,22823,7011549,0.003255058190422687
2019,11,Offshore,5608,1407120,0.0039854454488600834
2019,11,Onshore,14493,6785370,0.0021359188960955702
2019,12,Offshore,7639,1454024,0.005253695949998074
2019,12,Onshore,16734,7011549,0.002386633823709996
2020,1,Offshore,8107,1454024,0.005575561338739939
2020,1,Onshore,26310,7011549,0.0037523805367401697
2020,2,Offshore,3887,1360216,0.002857634375716798
2020,2,Onshore,23132,6559191,0.003526654430401554
2020,3,Offshore,6169,1454024,0.004242708511001194
2020,3,Onshore,64196,7011549,0.009155751460911134
2020,4,Offshore,29246,1407120,0.0207842970038092
2020,4,Onshore,112560,6785370,0.016588631128442517
2020,5,Offshore,42897,1454024,0.029502264061666107
2020,5,Onshore,190252,7011549,0.027134089771033477
2020,6,Offshore,50008,1407120,0.035539257490477004
2020,6,Onshore,187354,6785370,0.027611464076387874
2020,7,Offshore,38219,1454024,0.02628498566736175
2020,7,Onshore,162182,7011549,0.02313069480082076
2020,8,Offshore,10568,1454024,0.007268105615863287
2020,8,Onshore,56297,7011549,0.008029181568865881
2020,9,Offshore,1876,1407120,0.0013332196259025527
2020,9,Onshore,22411,6785370,0.0033028412599460308
2020,10,Offshore,4489,1454024,0.0030872942950047593
2020,10,Onshore,20590,7011549,0.0029365836279543933
2020,11,Offshore,5976,1407120,0.004246972539655467
2020,11,Onshore,11221,6785370,0.0016537049563988405
2020,12,Offshore,10384,1454024,0.007141560249349392
2020,12,Onshore,34838,7011549,0.004968659564384418
2021,1,Offshore,8093,1454024,0.005565932886939968
2021,1,Onshore,24584,7011549,0.0035062152457324336
2021,2,Offshore,4848,1313312,0.0036914305206988134
2021,2,Onshore,25067,6333012,0.003958148192360918
2021,3,Offshore,8944,1454024,0.006151205207066733
2021,3,Onshore,71809,7011549,0.010241531507517098
2021,4,Offshore,32883,1407120,0.02336900903974075
2021,4,Onshore,128889,6785370,0.018995132174074517
2021,5,Offshore,41078,1454024,0.02825125307422711
2021,5,Onshore,207273,7011549,0.02956165606201996
2021,6,Offshore,49277,1407120,0.03501975666609813
2021,6,Onshore,173303,6785370,0.025540685327402928
2021,7,Offshore,45633,1454024,0.03138393864200316
2021,7,Onshore,144410,7011549,0.020596019510096843
2021,8,Offshore,15967,1454024,0.010981249277866116
2021,8,Onshore,59147,7011549,0.008435653804886766
2021,9,Offshore,2566,1407120,0.0018235829211438969
2021,9,Onshore,19437,6785370,0.0028645453379845167
2021,10,Offshore,2835,1454024,0.0019497614894939837
2021,10,Onshore,19400,7011549,0.002766863641686024
2021,11,Offshore,8167,1407120,0.005804053669907328
2021,11,Onshore,29046,6785370,0.00428068034609756
2021,12,Offshore,10191,1454024,0.00700882516382123
2021,12,Onshore,20480,7011549,0.0029208952258623594
2022,1,Offshore,7015,1454024,0.004824542098342256
2022,1,Onshore,30527,7011549,0.004353816824213879
2022,2,Offshore,7000,1313312,0.005330035817840696
2022,2,Onshore,18210,6333012,0.002875409047069546
2022,3,Offshore,7888,1454024,0.005424944842726117
2022,3,Onshore,58172,7011549,0.008296597513616463
2022,4,Offshore,28077,1407120,0.01995352208766843
2022,4,Onshore,126619,6785370,0.018660588884614988
2022,5,Offshore,46521,1454024,0.03199465758474413
2022,5,Onshore,205551,7011549,0.029316061258361028
2022,6,Offshore,50362,1407120,0.03579083518107908
2022,6,Onshore,175251,6785370,0.02582777357756467
2022,7,Offshore,29945,1454024,0.02059457065357931
2022,7,Onshore,120956,7011549,0.01725096694040076
2022,8,Offshore,10520,1454024,0.007235093781120532
2022,8,Onshore,54482,7011549,0.007770322934347318
2022,9,Offshore,4576,1407120,0.0032520325203252032
2022,9,Onshore,26369,6785370,0.003886155065972821
2022,10,Offshore,4114,1454024,0.002829389336076984
2022,10,Onshore,21776,7011549,0.0031057331268739617
2022,11,Offshore,6934,1407120,0.004927795781454318
2022,11,Onshore,19169,6785370,0.0028250485972025107
2022,12,Offshore,9161,1454024,0.006300446209966273
2022,12,Onshore,18962,7011549,0.002704395276992288
2023,1,Offshore,9840,1454024,0.006767426122264832
2023,1,Onshore,26821,7011549,0.0038252602955495285
2023,2,Offshore,3856,1313312,0.0029360883019419605
2023,2,Onshore,16616,6333012,0.0026237120662332553
2023,3,Offshore,9899,1454024,0.006808003169136136
2023,3,Onshore,65516,7011549,0.009344012286015543
2023,4,Offshore,23438,1407120,0.016656717266473366
2023,4,Onshore,118763,6785370,0.017502803826467826
2023,5,Offshore,47821,1454024,0.032888728109027085
2023,5,Onshore,160971,7011549,0.022957979755971185
2023,6,Offshore,46148,1407120,0.03279606572289499
2023,6,Onshore,176707,6785370,0.02604235288569378
2023,7,Offshore,38444,1454024,0.026439728642718416
2023,7,Onshore,120042,7011549,0.017120610581199677
2023,8,Offshore,13053,1454024,0.008977155810358014
2023,8,Onshore,48243,7011549,0.0068805052920545805
2023,9,Offshore,2987,1407120,0.0021227755983853546
2023,9,Onshore,19119,6785370,0.0028176798022804947
2023,10,Offshore,2920,1454024,0.002008219946850946
2023,10,Onshore,19308,7011549,0.0027537424326635955
2023,11,Offshore,7390,1407120,0.005251861959179032
2023,11,Onshore,21486,6785370,0.003166518553888734
2023,12,Offshore,9061,1454024,0.006231671554252199
2023,12,Onshore,26867,7011549,0.0038318209000607426
2024,1,Offshore,6715,1454024,0.0046182181312000355
2024,1,Onshore,19251,7011549,0.002745612987943178
2024,2,Offshore,5272,1360216,0.003875855011262917
2024,2,Onshore,30989,6559191,0.004724515569069417
2024,3,Offshore,11045,1454024,0.007596160723619417
2024,3,Onshore,81788,7011549,0.011664754820938997
2024,4,Offshore,31382,1407120,0.022302291204730228
2024,4,Onshore,156720,6785370,0.023096750803567087
2024,5,Offshore,39512,1454024,0.02717424196574472
2024,5,Onshore,183372,7011549,0.02615285153109534
2024,6,Offshore,50858,1407120,0.036143328216498946
2024,6,Onshore,172186,6785370,0.02537606644884509
2024,7,Offshore,39531,1454024,0.027187309150330394
2024,7,Onshore,141928,7011549,0.020242032110165672
2024,8,Offshore,10010,1454024,0.006884343036978757
2024,8,Onshore,45823,7011549,0.006535360446029829
2024,9,Offshore,2677,1407120,0.001902467451247939
2024,9,Onshore,35172,6785370,0.005183505099942966
2024,10,Offshore,3109,1454024,0.002138204046150545
2024,10,Onshore,15176,7011549,0.0021644290013519123
2024,11,Offshore,5711,1407120,0.004058644607425096
2024,11,Onshore,19521,6785370,0.0028769249134535037
2024,12,Offshore,9482,1454024,0.006521212854808449
2024,12,Onshore,14929,7011549,0.0021292014075634355
